function,class,primitive_refs,literal_count,disclosed,sample_literals
BSH_harmonics,PRIMITIVE_PLUS_LITERALS,1,1,1,26.0
D_aether_damping,PRIMITIVE_PLUS_LITERALS,1,1,1,86400.0
D_string_freq,PRIMITIVE_PLUS_LITERALS,1,1,0,1.0e3
Delta_YM,UNTRACED_CORE,0,1,0,1.736
E0_vacuum_base,PRIMITIVE_PLUS_LITERALS,1,2,0,1.0e8;1e15
G_uqff_cosmic_593,ANCHORED_OR_DISCLOSED,0,1,1,6.687e-11
S_26_third_order,PRIMITIVE_PLUS_LITERALS,3,9,0,0.0007;0.75;1.75;154030.8;156776.75;1e-9
Ubi_validated,UNTRACED_CORE,0,1,0,0.603
Ug2_validated,UNTRACED_CORE,0,1,0,0.99
Um_full_amplifier,UNTRACED_CORE,0,2,0,1.0e13;1e13
Um_heaviside,PRIMITIVE_PLUS_LITERALS,1,2,0,1.0e13;1.0e15
Um_magnetism,PRIMITIVE_PLUS_LITERALS,1,3,0,1.0e13;1.0e15;1e13
VDS_ratio,PRIMITIVE_PLUS_LITERALS,3,1,1,1.894
V_phi_NS,UNTRACED_CORE,0,1,0,24.0
W_26,PRIMITIVE_PLUS_LITERALS,1,1,0,26.0
_common_uqff_blocks,PRIMITIVE_PLUS_LITERALS,9,35,1,0.66;1.0e-10;1.0e-17;1.0e-24;1.0e-4;1.0e11
_fubii_scale,ANCHORED_OR_DISCLOSED,0,2,1,1.0e-10;1.22e-19
_fubii_virx,ANCHORED_OR_DISCLOSED,0,2,1,1.0e-10;1.22e-19
_make_dc_dispatch,UNTRACED_CORE,0,1,0,2026
_me_c2_over_hbar,ANCHORED_OR_DISCLOSED,0,3,1,0.51099895e6;1.054571817e-34;1.602176634e-19
_p026d,PRIMITIVE_PLUS_LITERALS,1,7,1,0.54;3.5;5.4;8.66e-11
_p1079b,ANCHORED_OR_DISCLOSED,0,2,1,1.42e-40
_p1183b,ANCHORED_OR_DISCLOSED,0,4,1,1209;1e-24;2026
_p1184b,ANCHORED_OR_DISCLOSED,0,5,1,1209;1e-37;1e34;2026
_p1185b,ANCHORED_OR_DISCLOSED,0,3,1,1209;2026
_p1186b,ANCHORED_OR_DISCLOSED,0,3,1,1209;2026
_p1188b,ANCHORED_OR_DISCLOSED,0,4,1,1.32;1209;2026
_p1189b,ANCHORED_OR_DISCLOSED,0,3,1,1209;2026
_p1190b,ANCHORED_OR_DISCLOSED,0,3,1,1209;2026
_p1191b,ANCHORED_OR_DISCLOSED,0,3,1,1209;2026
_p1192b,ANCHORED_OR_DISCLOSED,0,3,1,1209;2026
_p1193b,ANCHORED_OR_DISCLOSED,0,4,1,0.003;1209;2026
_p1194b,ANCHORED_OR_DISCLOSED,0,3,1,1209;2026
_p1198b,ANCHORED_OR_DISCLOSED,0,4,1,1209;2.2;2026
_p1201b,PRIMITIVE_PLUS_LITERALS,21,17,1,0.01;0.03;0.04;0.07;0.10;0.12
_p1202b,PRIMITIVE_PLUS_LITERALS,15,14,1,0.014;0.05;0.06;0.08;0.13;0.4
_p1209aa,PRIMITIVE_PLUS_LITERALS,26,8,1,0.008;0.015;0.018;0.08;1.00792;6.627
_p1209bb,PRIMITIVE_PLUS_LITERALS,33,3,1,10.5;1605;7.4
_p1209cc,PRIMITIVE_PLUS_LITERALS,41,9,1,0.007;0.019;0.026;3.7;3485;4.54
_p1209dd,PRIMITIVE_PLUS_LITERALS,45,9,1,0.003;0.004;0.007;0.014;0.11;137.04
_p1209ee,PRIMITIVE_PLUS_LITERALS,47,10,1,0.007;0.026;0.027;0.033;0.065;13.6057
_p1209ff,PRIMITIVE_PLUS_LITERALS,30,6,1,0.019;0.023;0.031;0.033;0.26
_p1209gg,PRIMITIVE_PLUS_LITERALS,47,11,1,0.015;0.045;0.064;0.072;0.6838;1076
_p1209hh,PRIMITIVE_PLUS_LITERALS,27,11,1,0.000510;0.003;0.005;0.016;0.018;0.11
_p1209ii,PRIMITIVE_PLUS_LITERALS,20,10,1,0.008;0.025;0.05;1566;3.7794;3.9246
_p1209jj,PRIMITIVE_PLUS_LITERALS,15,11,1,0.0009;0.0010;0.0067;0.0095;0.03;0.13
_p1209kk,PRIMITIVE_PLUS_LITERALS,1,7,1,0.005;0.118;0.207;15.016;27.3213
_p1209x,PRIMITIVE_PLUS_LITERALS,34,7,1,0.0022;0.30;0.8;101.32;1360.97;1361
_p1209y,PRIMITIVE_PLUS_LITERALS,42,6,1,0.025;2400;2700;7850;9.8125
_p1209z,PRIMITIVE_PLUS_LITERALS,45,6,1,0.004;0.005;0.025;149.6;365.25;60.333
_p1251,PRIMITIVE_PLUS_LITERALS,14,5,1,100.0;299792.458;30.15;600.0
_p1253,PRIMITIVE_PLUS_LITERALS,10,6,0,0.00729735;1.78;100.0;1e-26
_p1254,PRIMITIVE_PLUS_LITERALS,10,7,0,0.00729735;100.0;879.4
_p1255,PRIMITIVE_PLUS_LITERALS,9,9,1,0.841;0.85;0.8775;100.0;137.036;17.72
_p1256,PRIMITIVE_PLUS_LITERALS,5,1,1,0.12
_p1259,PRIMITIVE_PLUS_LITERALS,17,5,1,0.00729735;1.4;1.4e9;100.0
_p1260,PRIMITIVE_PLUS_LITERALS,2,2,1,86400;86400.0
_p1261,PRIMITIVE_PLUS_LITERALS,7,8,1,0.00729735;10.0;100.0;1e20;2.0e6;5800.0
_p1262,PRIMITIVE_PLUS_LITERALS,4,3,0,100.0;2.35
_p1267,PRIMITIVE_PLUS_LITERALS,9,4,1,100.0;3.2
_p1268,PRIMITIVE_PLUS_LITERALS,12,4,1,0.00729735;100.0
_p1270,PRIMITIVE_PLUS_LITERALS,5,4,0,100.0;246.22;4.1
_p1271,PRIMITIVE_PLUS_LITERALS,1,4,1,100.0;4.633e113;5.957e-10
_p1273,PRIMITIVE_PLUS_LITERALS,3,3,1,1.22e19;100.0;80.379
_p1274,PRIMITIVE_PLUS_LITERALS,2,5,0,0.00729735;0.9655;100.0;16.0
_p1275,PRIMITIVE_PLUS_LITERALS,1,1,0,8192
_p1276,PRIMITIVE_PLUS_LITERALS,1,1,0,100.0
_p1277,PRIMITIVE_PLUS_LITERALS,3,5,0,100.0;2.5e-6;2.75e-7
_p1280,UNTRACED_CORE,0,2,0,0.99596;100.0
_p1285,PRIMITIVE_PLUS_LITERALS,1,1,0,8192
_p1287,PRIMITIVE_PLUS_LITERALS,1,5,1,100.0;12.0;9877.78265
_p1289,PRIMITIVE_PLUS_LITERALS,3,3,1,0.7405;100.0
_p1290,PRIMITIVE_PLUS_LITERALS,2,1,0,9877.78265
_p1294,PRIMITIVE_PLUS_LITERALS,4,4,0,0.06029;100.0;2.06
_p1297,PRIMITIVE_PLUS_LITERALS,1,4,0,100.0;12.0
_p1298,PRIMITIVE_PLUS_LITERALS,1,1,0,8192
_p1300,PRIMITIVE_PLUS_LITERALS,1,2,0,2158;2159
_p1301,ANCHORED_OR_DISCLOSED,0,4,1,0.85;1.176280818;100.0
_p1302,PRIMITIVE_PLUS_LITERALS,2,1,0,8192
_p1304,PRIMITIVE_PLUS_LITERALS,3,4,0,0.00729735;0.0639;100.0
_p1308,PRIMITIVE_PLUS_LITERALS,1,1,0,90.0
_p1311,PRIMITIVE_PLUS_LITERALS,2,3,0,100.0;246.22
_p1312,ANCHORED_OR_DISCLOSED,0,3,1,100.0;172.76;246.22
_p1314,ANCHORED_OR_DISCLOSED,0,4,1,0.51099895e6;172.76e9;3.4e5
_p1315,PRIMITIVE_PLUS_LITERALS,5,4,0,100.0;1e-10;3.9e-32
_p1316,UNTRACED_CORE,0,4,0,0.098;100.0
_p1317,ANCHORED_OR_DISCLOSED,0,2,1,1000.0;225.0
_p1318,UNTRACED_CORE,0,6,0,1.736;100.0;1e-9
_p1320,PRIMITIVE_PLUS_LITERALS,1,7,1,0.00729735;1.268e-13;1.27e-13;100.0;3.3;4.2e-13
_p1322,PRIMITIVE_PLUS_LITERALS,5,5,1,0.938;100.0;7.035e20;7e20
_p1323,PRIMITIVE_PLUS_LITERALS,2,4,0,100.0;302.0;302.4
_p1325,PRIMITIVE_PLUS_LITERALS,1,1,0,0.84
_p1329,PRIMITIVE_PLUS_LITERALS,2,6,0,100.0;50.6;50.64
_p1332,PRIMITIVE_PLUS_LITERALS,5,5,1,100.0;7.0;7.7
_p1333,PRIMITIVE_PLUS_LITERALS,1,5,0,100.0;289.0;289.4;500.0
_p1334,ANCHORED_OR_DISCLOSED,0,2,1,1.75;1e-12
_p1335,PRIMITIVE_PLUS_LITERALS,3,7,0,100.0;30.1;30.14;5.0
_p1336,PRIMITIVE_PLUS_LITERALS,1,4,0,100.0;9.95;9.9519
_p1338,UNTRACED_CORE,0,1,0,5.0
_p1341,PRIMITIVE_PLUS_LITERALS,1,7,0,0.00729735;100.0;109.6;109.63;1e12
_p1347,PRIMITIVE_PLUS_LITERALS,2,4,1,100.0;124.95;125.0
_p1350,PRIMITIVE_PLUS_LITERALS,4,4,0,0.506;0.5064;100.0
_p1356,PRIMITIVE_PLUS_LITERALS,3,4,0,0.506;0.5064;100.0
_p1358,PRIMITIVE_PLUS_LITERALS,3,6,0,100.0;6.0;6.029
_p1361,PRIMITIVE_PLUS_LITERALS,1,1,0,8192
_p1364,PRIMITIVE_PLUS_LITERALS,2,4,1,100.0;99.48;99.5
_p1366,PRIMITIVE_PLUS_LITERALS,2,6,0,100.0;50.6;50.64
_p1367,PRIMITIVE_PLUS_LITERALS,4,3,0,100.0;500.0
_p1368,UNTRACED_CORE,0,5,0,1.44e21;100.0;3e21
_p1369,ANCHORED_OR_DISCLOSED,0,5,1,100.0;100e-9;2.21e-35;2.2e-35
_p1370,PRIMITIVE_PLUS_LITERALS,3,6,0,100.0;6.0;6.029
_p1371,UNTRACED_CORE,0,3,0,0.00729735;1e-40
_p1372,PRIMITIVE_PLUS_LITERALS,10,4,1,100.0;67.4;67.41
_p1373,ANCHORED_OR_DISCLOSED,0,6,1,0.00729735;1.32e18;100.0;7.03e13;7e13
_p1374,ANCHORED_OR_DISCLOSED,0,1,1,0.00729735
_p1377,PRIMITIVE_PLUS_LITERALS,5,9,1,0.7;0.85;1.084;1.0933;1.4286;1.5064
_p1378,PRIMITIVE_PLUS_LITERALS,6,2,0,0.0603;1.1283
_p1379,PRIMITIVE_PLUS_LITERALS,4,4,1,1.022e6;1.554;3.94e-4;626.0
_p1380,PRIMITIVE_PLUS_LITERALS,4,7,1,0.326;1.506;1.607;100.0;2.156
_p1381,PRIMITIVE_PLUS_LITERALS,3,3,0,1e10;45.50
_p1383,PRIMITIVE_PLUS_LITERALS,1,2,1,1.85e43;6.76e-32
_p1385,PRIMITIVE_PLUS_LITERALS,3,1,0,0.0603
_p1386,PRIMITIVE_PLUS_LITERALS,3,1,0,0.0179
_p1388,PRIMITIVE_PLUS_LITERALS,2,1,0,1.3135
_p1391,PRIMITIVE_PLUS_LITERALS,3,1,0,1.9397
_p1396,PRIMITIVE_PLUS_LITERALS,1,1,0,4.03e26
_p1397,PRIMITIVE_PLUS_LITERALS,3,1,0,0.0603
_p1401,PRIMITIVE_PLUS_LITERALS,4,6,1,100.0;50.0;54.5;9.1
_p1402,PRIMITIVE_PLUS_LITERALS,3,1,0,1.055
_p1403,UNTRACED_CORE,0,1,0,2026
_p1411,ANCHORED_OR_DISCLOSED,0,1,1,90.0
_p1412,PRIMITIVE_PLUS_LITERALS,6,6,1,100.0;1412;7.0;7.7;7.70
_p1414,PRIMITIVE_PLUS_LITERALS,3,8,1,0.00729735;100.0;2.29;74.26;76.0;80379.0
_p1415,PRIMITIVE_PLUS_LITERALS,1,5,0,0.00729735;0.0657;0.107
_p1416,PRIMITIVE_PLUS_LITERALS,1,7,1,0.20;0.2083;100.0;4.17
_p1417,PRIMITIVE_PLUS_LITERALS,2,5,1,10.0;100.0;109.9;217.0
_p1418,UNTRACED_CORE,0,7,0,100.0;20.5;3.62e18;3e18
_p1419,PRIMITIVE_PLUS_LITERALS,4,8,0,0.92;0.938;100.0;1000.0;79.26;80.0
_p1420,UNTRACED_CORE,0,6,0,0.9435;100.0;13.8
_p1421,PRIMITIVE_PLUS_LITERALS,1,7,1,0.00729735;1.945;1.954;100.0;11.0;2.725
_p1422,PRIMITIVE_PLUS_LITERALS,7,3,0,0.454;100.0;9.2
_p1423,PRIMITIVE_PLUS_LITERALS,3,3,0,0.452;100.0;9.6
_p1424,PRIMITIVE_PLUS_LITERALS,3,1,0,0.2083
_p1425,PRIMITIVE_PLUS_LITERALS,2,8,0,0.00729735;0.846;0.854;0.95;100.0
_p1426,PRIMITIVE_PLUS_LITERALS,2,8,0,0.00729735;1.2;1.292;100.0;7.7
_p1427,PRIMITIVE_PLUS_LITERALS,4,4,0,0.00729735;1.26e-11;3e-9
_p1428,PRIMITIVE_PLUS_LITERALS,3,4,1,0.00729735;15.4;8.97e-7
_p1429,PRIMITIVE_PLUS_LITERALS,3,1,0,0.0603
_p1430,PRIMITIVE_PLUS_LITERALS,3,1,0,0.0603
_p1431,PRIMITIVE_PLUS_LITERALS,3,7,1,0.00729735;100.0;67.4;67.46
_p1432,PRIMITIVE_PLUS_LITERALS,4,1,1,1e40
_p1433,PRIMITIVE_PLUS_LITERALS,1,7,1,0.00729735;1e-6;1e-9;3.26e-7
_p1434,PRIMITIVE_PLUS_LITERALS,7,3,1,0.557;1.055;1412
_p1435,PRIMITIVE_PLUS_LITERALS,1,5,0,0.026;1.2197e18;1.22e18;100.0
_p1436,PRIMITIVE_PLUS_LITERALS,1,4,1,100.0;9.95
_p1437,PRIMITIVE_PLUS_LITERALS,1,5,1,100.0;289.0;289.4;500.0
_p1439,ANCHORED_OR_DISCLOSED,0,2,1,2512;2512.0
_p1440,PRIMITIVE_PLUS_LITERALS,2,7,0,0.00729735;0.085;0.96468;0.9655;100.0
_p1441,PRIMITIVE_PLUS_LITERALS,5,2,1,100.0;3.125
_p1445,PRIMITIVE_PLUS_LITERALS,2,4,1,0.506;0.5064;100.0
_p1447,PRIMITIVE_PLUS_LITERALS,2,4,1,100.0;302.0;302.4
_p1448,PRIMITIVE_PLUS_LITERALS,2,1,0,1e4
_p1449,PRIMITIVE_PLUS_LITERALS,3,4,1,100.0;2.35;2.3533
_p1450,PRIMITIVE_PLUS_LITERALS,4,1,0,1.142e26
_p1451,ANCHORED_OR_DISCLOSED,0,1,1,0.00729735
_p1452,ANCHORED_OR_DISCLOSED,0,5,1,0.00729735;1.32e18;100.0;7e13
_p1454,ANCHORED_OR_DISCLOSED,0,2,1,0.00729735;1e-40
_p1455,ANCHORED_OR_DISCLOSED,0,3,1,100.0;5.957e-10
_p1456,PRIMITIVE_PLUS_LITERALS,1,10,1,0.15;0.30;100.0;5.6;5.617;67.4
_p1457,PRIMITIVE_PLUS_LITERALS,3,6,1,100.0;30.14;30.15;5.0
_p1459,PRIMITIVE_PLUS_LITERALS,1,9,1,0.03;0.811;0.827;1.0201;1.97;100.0
_p1461,ANCHORED_OR_DISCLOSED,0,10,1,1.14e-10;1.2450e-10;100.0;9.2
_p1463,ANCHORED_OR_DISCLOSED,0,7,1,1.025e-17;100.0;17.2;8.49e-18
_p1464,ANCHORED_OR_DISCLOSED,0,7,1,1.70;1.736;100.0;2.1
_p1465,PRIMITIVE_PLUS_LITERALS,2,3,1,100.0;246.22
_p1471,PRIMITIVE_PLUS_LITERALS,4,1,1,8192
_p1472,PRIMITIVE_PLUS_LITERALS,3,1,1,1000.0
_p1475,ANCHORED_OR_DISCLOSED,0,6,1,1.28;100.0;3.102
_p1476,PRIMITIVE_PLUS_LITERALS,1,7,1,0.108;0.1111;100.0;2.9
_p1477,PRIMITIVE_PLUS_LITERALS,1,7,1,0.60;1.78;1.791;100.0
_p1478,PRIMITIVE_PLUS_LITERALS,3,1,1,0.05
_p1479,PRIMITIVE_PLUS_LITERALS,3,1,1,1e5
_p1480,PRIMITIVE_PLUS_LITERALS,7,1,1,14e6
_p1483,PRIMITIVE_PLUS_LITERALS,4,1,1,10.5
_p1484,PRIMITIVE_PLUS_LITERALS,1,1,1,1e13
_p1485,PRIMITIVE_PLUS_LITERALS,2,1,1,1e-8
_p1486,PRIMITIVE_PLUS_LITERALS,5,2,1,0.4;1e-4
_p1487,ANCHORED_OR_DISCLOSED,0,5,1,100.0;2512.0;7.52e11;7.54e11
_p1488,UNTRACED_CORE,0,1,0,10.0
_p1490,UNTRACED_CORE,0,3,0,0.4553;13.8
_p1492,PRIMITIVE_PLUS_LITERALS,6,1,0,2.146e-36
_p1493,UNTRACED_CORE,0,2,0,10.0;1e-20
_p1494,PRIMITIVE_PLUS_LITERALS,3,2,1,11.0;7.799e-36
_p1497,PRIMITIVE_PLUS_LITERALS,1,1,1,1e8
_p1498,PRIMITIVE_PLUS_LITERALS,3,1,1,1e-4
_p1503,PRIMITIVE_PLUS_LITERALS,1,1,1,0.111
_p1504,PRIMITIVE_PLUS_LITERALS,3,3,1,0.66;0.81
_p1505,PRIMITIVE_PLUS_LITERALS,2,7,1,0.08;100.0;59.95;60.0
_p1506,PRIMITIVE_PLUS_LITERALS,1,4,1,10.0;1e-7;1e7
_p1507,PRIMITIVE_PLUS_LITERALS,3,1,1,0.001
_p1510,PRIMITIVE_PLUS_LITERALS,3,9,1,1.6267e-27;1.6605e-27;1.6726e-27;100.0;2.04;2.74
_p1512,PRIMITIVE_PLUS_LITERALS,1,2,1,367.8
_p1515,PRIMITIVE_PLUS_LITERALS,5,4,0,0.0035;10.0;100.0
_p1516,UNTRACED_CORE,0,2,0,0.0028;100.0
_p1517,PRIMITIVE_PLUS_LITERALS,12,6,0,0.0125;0.035;0.1304;100.0;5.0;6.0
_p1518,PRIMITIVE_PLUS_LITERALS,2,1,1,0.01
_p1522,PRIMITIVE_PLUS_LITERALS,3,2,1,5.0;6.0
_p1523,PRIMITIVE_PLUS_LITERALS,6,7,0,0.86;0.9834;0.992;100.0
_p1525,UNTRACED_CORE,0,2,0,0.094;100.0
_p1526,UNTRACED_CORE,0,2,0,0.092;100.0
_p1527,ANCHORED_OR_DISCLOSED,0,2,1,0.79;100.0
_p1528,PRIMITIVE_PLUS_LITERALS,4,7,1,0.077;0.915965594;0.9159656;0.91667;100.0;5.0
_p1529,UNTRACED_CORE,0,4,0,0.146;100.0;6.0
_p1530,UNTRACED_CORE,0,4,0,0.231;1.2020569032;100.0
_p1531,PRIMITIVE_PLUS_LITERALS,1,4,0,0.5772156649;0.92;100.0
_p1544,PRIMITIVE_PLUS_LITERALS,9,6,1,0.0001;100.0;13.605693;13.6057
_p1545,PRIMITIVE_PLUS_LITERALS,3,1,1,5.67
_p1546,PRIMITIVE_PLUS_LITERALS,7,8,1,0.0069;100.0;4.3597;4.3597e-18;4.36
_p1547,PRIMITIVE_PLUS_LITERALS,20,6,0,0.0003;100.0;96485.0;96485.33
_p1548,PRIMITIVE_PLUS_LITERALS,6,5,1,0.0054;100.0;376.730;376.75
_p1549,PRIMITIVE_PLUS_LITERALS,7,5,0,0.003;100.0;137.035999;137.04
_p1550,PRIMITIVE_PLUS_LITERALS,2,5,0,0.014;100.0;2.4263;2.42631
_p1552,PRIMITIVE_PLUS_LITERALS,12,2,1,1090;2018
_p1553,PRIMITIVE_PLUS_LITERALS,16,7,1,0.015;100.0;2144;67.4;67.410
_p1554,PRIMITIVE_PLUS_LITERALS,18,6,1,0.003;100.0;80.377;80.379
_p1555,PRIMITIVE_PLUS_LITERALS,16,6,0,0.018;100.0;91.1876;91.204
_p1556,PRIMITIVE_PLUS_LITERALS,25,6,0,0.005;100.0;172.751;172.76
_p1557,PRIMITIVE_PLUS_LITERALS,14,6,1,0.016;100.0;125.10;125.120
_p1558,PRIMITIVE_PLUS_LITERALS,18,6,0,0.013;1.77686;1.7771;100.0
_p1559,PRIMITIVE_PLUS_LITERALS,13,6,0,0.040;0.10566;0.10570;100.0
_p1560,PRIMITIVE_PLUS_LITERALS,18,4,0,0.031;100.0;2159;3.14063
_p1561,PRIMITIVE_PLUS_LITERALS,7,8,0,0.101;0.84;0.925;1.61803;1.6197;100.0
_p1562,PRIMITIVE_PLUS_LITERALS,10,4,0,0.105;1.41421;1.4157;100.0
_p1563,PRIMITIVE_PLUS_LITERALS,11,4,0,0.023;1.73205;1.73245;100.0
_p1564,PRIMITIVE_PLUS_LITERALS,11,5,0,0.045;100.0;2.23607;2.23708;5.0
_p1565,PRIMITIVE_PLUS_LITERALS,9,6,0,0.008;100.0;7.9762;7.9769
_p1566,PRIMITIVE_PLUS_LITERALS,10,6,0,0.024;100.0;2.2246;2.2251
_p1567,PRIMITIVE_PLUS_LITERALS,10,6,1,0.047;100.0;7.0706;7.0739
_p1569,PRIMITIVE_PLUS_LITERALS,3,1,1,0.30
_p1570,PRIMITIVE_PLUS_LITERALS,5,1,1,2026
_p1572,PRIMITIVE_PLUS_LITERALS,4,1,1,2400
_p1575,PRIMITIVE_PLUS_LITERALS,9,1,1,333000
_p1579,PRIMITIVE_PLUS_LITERALS,12,2,1,0.4;149.6
_p1580,PRIMITIVE_PLUS_LITERALS,12,1,1,365.25
_p1584,PRIMITIVE_PLUS_LITERALS,13,2,1,6000;6371
_p1585,PRIMITIVE_PLUS_LITERALS,9,2,1,3485;3600
_p1586,PRIMITIVE_PLUS_LITERALS,8,6,0,0.024;100.0;8.8541878128;8.85419;8.8563
_p1587,PRIMITIVE_PLUS_LITERALS,6,8,1,0.075;0.103;1.2557;1.25663706212;1.25664;1.257
_p1588,PRIMITIVE_PLUS_LITERALS,7,6,0,0.051;100.0;8.983;8.98755;8.9875517923
_p1589,PRIMITIVE_PLUS_LITERALS,9,6,0,0.027;100.0;5.2903;5.29177;5.29177210903
_p1590,PRIMITIVE_PLUS_LITERALS,13,6,1,0.034;1.0970;1.09737;1.0973731568;100.0
_p1591,PRIMITIVE_PLUS_LITERALS,12,6,0,0.027;100.0;2.0023193;2.00231930436;2.00287
_p1592,PRIMITIVE_PLUS_LITERALS,11,6,0,0.007;100.0;9.2733;9.27401;9.2740100783
_p1593,PRIMITIVE_PLUS_LITERALS,9,8,1,0.058;0.065;100.0;2.89777;2.897771955;2.898
_p1594,PRIMITIVE_PLUS_LITERALS,11,7,0,0.027;100.0;6.6;6.6243;6.62607015
_p1595,PRIMITIVE_PLUS_LITERALS,12,6,0,0.031;100.0;2.997;2.99792458
_p1596,PRIMITIVE_PLUS_LITERALS,14,9,0,0.002;0.4;0.57;100.0;1360.97;1361
_p1597,PRIMITIVE_PLUS_LITERALS,8,8,1,0.005;0.57;0.75;100.0;101.32;101.325
_p1598,PRIMITIVE_PLUS_LITERALS,6,9,1,0.025;0.060;100.0;9.80665;9.81;9.8125
_p1599,PRIMITIVE_PLUS_LITERALS,8,2,1,6760;7850
_p1600,PRIMITIVE_PLUS_LITERALS,8,2,1,2600;2700
_p1602,PRIMITIVE_PLUS_LITERALS,8,6,1,0.004;100.0;60.333;60.336
_p1603,PRIMITIVE_PLUS_LITERALS,12,7,0,0.005;100.0;317.783;317.8;5.7
_p1604,PRIMITIVE_PLUS_LITERALS,8,2,1,0.4;7.4
_p1605,PRIMITIVE_PLUS_LITERALS,9,2,1,0.4;10.5
_p1606,PRIMITIVE_PLUS_LITERALS,18,6,0,0.050;100.0;4.1779;4.18
_p1607,PRIMITIVE_PLUS_LITERALS,21,7,0,0.063;1.2;1.27;1.2708;100.0
_p1608,PRIMITIVE_PLUS_LITERALS,9,6,0,0.09490;0.095;0.106;100.0
_p1609,PRIMITIVE_PLUS_LITERALS,5,7,0,0.000510;0.000511;0.18;0.20;100.0
_p1610,PRIMITIVE_PLUS_LITERALS,4,7,1,0.025;100.0;5.0;8.7903;8.7925
_p1611,PRIMITIVE_PLUS_LITERALS,4,12,0,0.024;0.025;100.0;5.0;8.7903;8.7925
_p1612,PRIMITIVE_PLUS_LITERALS,7,6,0,0.042;100.0;7.5878;7.591
_p1613,PRIMITIVE_PLUS_LITERALS,8,6,0,0.033;100.0;7.5675;7.570
_p1614,PRIMITIVE_PLUS_LITERALS,8,6,0,0.017;100.0;7.6802;7.6815
_p1615,PRIMITIVE_PLUS_LITERALS,8,6,1,0.020;100.0;7.8675;7.8691
_p1616,PRIMITIVE_PLUS_LITERALS,13,7,0,0.143;0.26;0.31455;0.315;100.0
_p1617,PRIMITIVE_PLUS_LITERALS,9,10,1,0.102;0.139;0.182;0.68375;0.684;0.6847
_p1618,PRIMITIVE_PLUS_LITERALS,10,9,1,0.064;0.082;100.0;2.28;2.7232;2.725
_p1619,PRIMITIVE_PLUS_LITERALS,16,9,1,0.006;0.045;100.0;13.78;13.7862;13.787
_p1620,PRIMITIVE_PLUS_LITERALS,13,7,0,0.253;0.80895;0.811;0.9;100.0
_p1621,PRIMITIVE_PLUS_LITERALS,6,6,0,0.21;100.0;6.4867;6.5
_p1622,PRIMITIVE_PLUS_LITERALS,17,2,1,23481;23483
_p1623,PRIMITIVE_PLUS_LITERALS,12,6,0,0.023;100.0;29.53059;29.5375
_p1624,PRIMITIVE_PLUS_LITERALS,10,6,0,0.026;100.0;29.78;29.7876
_p1625,PRIMITIVE_PLUS_LITERALS,10,6,0,0.007;100.0;4.54;4.5403
_p1626,PRIMITIVE_PLUS_LITERALS,5,8,1,0.007;0.011;100.0;6.02214076;6.0228
_p1627,PRIMITIVE_PLUS_LITERALS,4,9,1,0.018;0.024;100.0;8.3125;8.314;8.31446
_p1628,PRIMITIVE_PLUS_LITERALS,12,7,1,0.00792;0.008;1.00792;1.008;100.0
_p1629,PRIMITIVE_PLUS_LITERALS,11,7,1,0.060;0.071;1.602176634;1.6031;100.0
_p1630,PRIMITIVE_PLUS_LITERALS,6,1,1,3.7
_p1631,PRIMITIVE_PLUS_LITERALS,6,7,1,0.019;0.513;100.0;8.8463;8.848
_p1633,PRIMITIVE_PLUS_LITERALS,10,8,0,0.024;0.84;100.0;3.26156;3.2623;3.288
_p1634,PRIMITIVE_PLUS_LITERALS,10,6,0,0.039;100.0;2.8259;2.827
_p1635,PRIMITIVE_PLUS_LITERALS,4,8,0,0.71;100.0;7.6;8.5;8.56;8.6
_p1636,PRIMITIVE_PLUS_LITERALS,5,1,1,4.1
_p1637,PRIMITIVE_PLUS_LITERALS,3,6,1,0.00729735;0.058;0.0639;0.12;0.84
_p1639,PRIMITIVE_PLUS_LITERALS,1,3,1,0.217;1.736
_p1640,ANCHORED_OR_DISCLOSED,0,2,1,0.4;6.3
_p1641,ANCHORED_OR_DISCLOSED,0,3,1,0.69;0.9931;100.0
_p1643,PRIMITIVE_PLUS_LITERALS,1,2,1,194.4;2026
_p1645,PRIMITIVE_PLUS_LITERALS,1,9,1,0.0471;0.098;0.0981;0.10;0.217;100.0
_p1646,PRIMITIVE_PLUS_LITERALS,1,7,1,0.00729735;1.268e-13;1.27e-13;100.0;4.2e-13
_p1647,PRIMITIVE_PLUS_LITERALS,7,10,1,0.53;0.9382720813e9;1.0e9;100.0;7.037e20;7e20
_p1648,PRIMITIVE_PLUS_LITERALS,4,7,0,0.13;0.84;100.0;302.0;302.4
_p1649,PRIMITIVE_PLUS_LITERALS,1,1,1,0.84
_p1653,PRIMITIVE_PLUS_LITERALS,2,6,0,0.019;100.0;9.95;9.9519
_p1656,PRIMITIVE_PLUS_LITERALS,1,8,1,0.00729735;0.026;100.0;109.6;109.63;1e12
_p1659,PRIMITIVE_PLUS_LITERALS,2,11,1,0.016;0.042;1.380649e-23;100.0;124.98;125.0
_p1663,PRIMITIVE_PLUS_LITERALS,1,5,1,0.40;0.664;100.0
_p1664,PRIMITIVE_PLUS_LITERALS,2,6,0,0.086;0.506;0.5064;100.0
_p1665,PRIMITIVE_PLUS_LITERALS,3,5,0,0.06;0.48;100.0;6.03
_p1666,ANCHORED_OR_DISCLOSED,0,1,1,8192
_p1669,PRIMITIVE_PLUS_LITERALS,2,9,1,0.003;0.023;1.380649e-23;100.0;6.62607015e-34;99.5
_p1670,PRIMITIVE_PLUS_LITERALS,2,7,0,0.086;100.0;50.6;50.64
_p1671,PRIMITIVE_PLUS_LITERALS,1,4,1,100.0;499.92;500.0
_p1672,PRIMITIVE_PLUS_LITERALS,1,3,1,1.44e21;3.0e21;3e21
_p1673,ANCHORED_OR_DISCLOSED,0,8,1,0.00729735;0.42;1.32e18;100.0;7.03e13;7e13
_p1674,ANCHORED_OR_DISCLOSED,0,2,1,0.00729735;2.836e-9
_p1675,ANCHORED_OR_DISCLOSED,0,5,1,0.015;2018;67.4;67.410
_p1676,PRIMITIVE_PLUS_LITERALS,1,10,1,0.30;100.0;5.6;5.617;67.4;73.0
_p1678,PRIMITIVE_PLUS_LITERALS,1,1,1,1.245e-10
_p1681,PRIMITIVE_PLUS_LITERALS,3,1,1,1.142e26
_p1682,ANCHORED_OR_DISCLOSED,0,4,1,0.00729735;1.0e-40;1e-40;2.84e-49
_p1683,PRIMITIVE_PLUS_LITERALS,1,2,1,1.025e-17
_p1687,UNTRACED_CORE,0,2,0,0.99596
_p1688,PRIMITIVE_PLUS_LITERALS,4,7,0,0.014;0.03;100.0;2.06;2.06029
_p1694,ANCHORED_OR_DISCLOSED,0,2,1,1522;18.0
_p1695,PRIMITIVE_PLUS_LITERALS,2,1,1,1.2
_p1696,PRIMITIVE_PLUS_LITERALS,3,6,1,0.102;0.684;0.6847;100.0
_p1697,PRIMITIVE_PLUS_LITERALS,3,10,1,0.003;1.0890e-52;1.089e-52;100.0;18.0;2.184e-18
_p1698,ANCHORED_OR_DISCLOSED,0,10,1,1.03846;1.0385;1.0833;100.0;2.184;2.268
_p1699,PRIMITIVE_PLUS_LITERALS,2,2,1,0.84;2159
_p1700,PRIMITIVE_PLUS_LITERALS,1,1,1,403291461126605635584000000
_p1702,ANCHORED_OR_DISCLOSED,0,1,1,20.0
_p1703,ANCHORED_OR_DISCLOSED,0,1,1,1.624e-37
_p1704,PRIMITIVE_PLUS_LITERALS,2,2,1,0.57;0.684
_p1706,PRIMITIVE_PLUS_LITERALS,3,2,1,3.1;6.2
_p1711,PRIMITIVE_PLUS_LITERALS,14,6,0,0.15;100.0;2.796;2.80
_p1712,PRIMITIVE_PLUS_LITERALS,10,6,0,0.11;100.0;2.9968;3.00
_p1713,PRIMITIVE_PLUS_LITERALS,14,6,0,0.12;100.0;16.98;17.0
_p1714,PRIMITIVE_PLUS_LITERALS,7,7,0,0.16;1.5;1.50;1.5023;100.0
_p1715,PRIMITIVE_PLUS_LITERALS,10,6,0,0.05;100.0;2.8385;2.84
_p1716,PRIMITIVE_PLUS_LITERALS,2,7,0,0.02;1.025e-17;100.0;8.488e-18;8.49e-18
_p1720,PRIMITIVE_PLUS_LITERALS,4,1,1,3.125
_p1723,PRIMITIVE_PLUS_LITERALS,1,3,1,1600;1600.0
_p1724,ANCHORED_OR_DISCLOSED,0,2,1,0.4816
_p1725,UNTRACED_CORE,0,4,0,2018;5.283e-10;5.957e-10
_p1726,PRIMITIVE_PLUS_LITERALS,4,10,1,0.00729735;0.011;100.0;877.565;879.31;879.4
_p1727,PRIMITIVE_PLUS_LITERALS,3,2,1,100.0;833.333
_p1730,PRIMITIVE_PLUS_LITERALS,1,3,1,0.84;0.8414;2018
_p1733,PRIMITIVE_PLUS_LITERALS,1,1,1,100.0
_p1735,PRIMITIVE_PLUS_LITERALS,4,9,1,0.007;0.00729735;0.06;100.0;45.97;45.973
_p1736,PRIMITIVE_PLUS_LITERALS,2,7,1,0.00729735;0.023;0.96468;0.9649;100.0
_p1737,PRIMITIVE_PLUS_LITERALS,2,1,1,0.74048
_p1739,PRIMITIVE_PLUS_LITERALS,5,2,1,2.5e-6;2.75e-7
_p1740,PRIMITIVE_PLUS_LITERALS,3,6,0,0.0008;100.0;5.9570e-10;5.957e-10
_p1742,UNTRACED_CORE,0,1,0,2013
_p1744,PRIMITIVE_PLUS_LITERALS,2,1,1,1.1
_p1746,PRIMITIVE_PLUS_LITERALS,2,1,1,0.01
_p1747,PRIMITIVE_PLUS_LITERALS,8,5,0,0.014;1.40333;1.4425;1.44270;100.0
_p1748,PRIMITIVE_PLUS_LITERALS,13,4,0,0.045;1.57080;1.5715;100.0
_p1749,PRIMITIVE_PLUS_LITERALS,8,7,0,0.034;0.567143;0.5671432904;0.56733;0.57;100.0
_p1750,PRIMITIVE_PLUS_LITERALS,8,7,0,0.011;100.0;2.65333;2.68517;2.685452;2.6854520010
_p1751,PRIMITIVE_PLUS_LITERALS,14,4,0,0.061;100.0;2.50663;2.5082
_p1752,ANCHORED_OR_DISCLOSED,0,3,1,10.0;1199;147.0
_p1753,PRIMITIVE_PLUS_LITERALS,1,1,1,8.0
_p1755,PRIMITIVE_PLUS_LITERALS,11,5,1,0.003;0.01;0.69315;0.69317;100.0
_p1759,PRIMITIVE_PLUS_LITERALS,3,6,0,0.48;0.50;0.5024;100.0
_p1760,PRIMITIVE_PLUS_LITERALS,4,5,1,0.79;100.0;6.944;7.0
_p1761,PRIMITIVE_PLUS_LITERALS,4,5,0,0.14;100.0;289.0;289.39
_p1762,PRIMITIVE_PLUS_LITERALS,3,8,0,0.79;1.736;1.7361;1.75;100.0
_p1763,PRIMITIVE_PLUS_LITERALS,3,6,1,0.30;0.48;100.0;30.1;5.0
_p1764,PRIMITIVE_PLUS_LITERALS,3,4,1,0.50;0.5024;100.0
_p1766,PRIMITIVE_PLUS_LITERALS,3,1,1,0.0603
_p1767,PRIMITIVE_PLUS_LITERALS,3,7,1,0.026;1.2197e18;1.22e18;1.32e18;100.0
_p1768,ANCHORED_OR_DISCLOSED,0,2,1,2512;2512.0
_p1769,PRIMITIVE_PLUS_LITERALS,2,2,1,0.84;0.875
_p1770,PRIMITIVE_PLUS_LITERALS,5,10,1,0.070;0.316;0.32;0.7;100.0;3.125
_p1772,ANCHORED_OR_DISCLOSED,0,5,1,100.0;1336;9.95;9.9519
_p1773,PRIMITIVE_PLUS_LITERALS,2,3,1,0.79;1.7361;1.75
_p1774,PRIMITIVE_PLUS_LITERALS,1,2,1,0.0603;1430
_p1775,PRIMITIVE_PLUS_LITERALS,3,1,1,1e-4
_p1777,PRIMITIVE_PLUS_LITERALS,3,6,1,100.0;6.944;7.0;7.70
_p1778,PRIMITIVE_PLUS_LITERALS,3,6,1,0.20;0.2083;100.0;4.2
_p1779,PRIMITIVE_PLUS_LITERALS,2,7,1,0.48;0.9382720813e9;100.0;3.617e18;3.6e18
_p1780,PRIMITIVE_PLUS_LITERALS,1,5,1,0.00729735;0.44;1.945;1.952;11.0
_p1781,ANCHORED_OR_DISCLOSED,0,1,1,0.6931
_p1787,ANCHORED_OR_DISCLOSED,0,3,1,0.664;100.0
_p1788,PRIMITIVE_PLUS_LITERALS,1,2,1,0.0603;1766
_p1791,ANCHORED_OR_DISCLOSED,0,3,1,1.0e-7;2.21e-35;6.62607015e-34
_p1792,PRIMITIVE_PLUS_LITERALS,1,4,1,0.18;100.0;338082.0
_p1794,UNTRACED_CORE,0,4,0,100.0;124.98;125.0
_p1800,PRIMITIVE_PLUS_LITERALS,23,11,0,0.0075;0.0093;0.025;0.027;0.033040484293971;0.22431
_p1801,UNTRACED_CORE,0,6,0,0.0076;0.008;0.0093;0.0094;0.0252;0.0274
_p1802,PRIMITIVE_PLUS_LITERALS,1,2,1,27.0;28.0
_p1803,PRIMITIVE_PLUS_LITERALS,3,16,1,0.043;0.08;0.13;0.142;100.0;2.35
_p1804,PRIMITIVE_PLUS_LITERALS,3,4,1,0.024;1.25;12.5;1954
_p1805,PRIMITIVE_PLUS_LITERALS,1,4,1,0.05;0.065;0.08;45.0
_p1806,PRIMITIVE_PLUS_LITERALS,3,2,1,0.4091;240.0
_p1807,PRIMITIVE_PLUS_LITERALS,6,6,0,0.0736;1.25;2000;2014;2020
_p1808,UNTRACED_CORE,0,1,0,2026
_p1809,PRIMITIVE_PLUS_LITERALS,2,1,0,7.09e-36
_p1811,ANCHORED_OR_DISCLOSED,0,3,1,1402.6970;1e-10
_p1812,UNTRACED_CORE,0,1,0,9.0
_p1813,UNTRACED_CORE,0,18,0,0.01;1.5108;100.0;12.3524;12.3529;18.7727
_p1814,PRIMITIVE_PLUS_LITERALS,6,5,1,126.0;184.0;2026;310.0;7.0
_p1815,PRIMITIVE_PLUS_LITERALS,2,10,0,0.18;100.0;249e-11;259.6e-11;437e-11;59e-11
_p1816,PRIMITIVE_PLUS_LITERALS,4,11,1,0.23;0.30;0.303;0.307;0.312;1.2
_p1817,PRIMITIVE_PLUS_LITERALS,4,13,0,0.008;0.041;0.22427;0.22436;0.23;1.3
_p1818,PRIMITIVE_PLUS_LITERALS,5,8,1,100.0;2.13;3.258e-5;6.00e-10;6.13e-10
_p1819,PRIMITIVE_PLUS_LITERALS,17,9,1,0.29;0.79;100.0;12.41;184.95;2.14
_p1820,ANCHORED_OR_DISCLOSED,0,20,1,0.009;0.16;0.164;0.42;100.0;1000.0
_p1821,PRIMITIVE_PLUS_LITERALS,3,12,1,0.01;0.03;0.08;0.246;0.356;0.7264
_p1822,PRIMITIVE_PLUS_LITERALS,1,10,1,0.20;0.24;0.6;0.7;14.59;2.4
_p1823,PRIMITIVE_PLUS_LITERALS,4,3,0,0.2736;1e-10;2.74e-11
_p1824,PRIMITIVE_PLUS_LITERALS,6,7,1,1.2209e19;100.0;121.78;125.35;1681;2.84
_p1825,PRIMITIVE_PLUS_LITERALS,7,11,1,0.42;0.96468;0.9649;0.9667;1.02e16;100.0
_p1826,PRIMITIVE_PLUS_LITERALS,6,12,1,0.07;0.11;0.24;0.84;0.8428;2.73
_p1827,PRIMITIVE_PLUS_LITERALS,2,9,1,0.060;1.19;2030;4.52;63.9;8.88
_p1828,ANCHORED_OR_DISCLOSED,0,6,1,0.55;0.80;1e-17;1e-19
_p1829,ANCHORED_OR_DISCLOSED,0,10,1,0.26;0.267;0.759;0.761;0.809;100.0
_p1830,PRIMITIVE_PLUS_LITERALS,1,7,1,11.0;14559;15.0;18.0;20.0;25.0
_p1831,ANCHORED_OR_DISCLOSED,0,10,1,1.19;2.64;274.0;50.16;8.70
_p1832,PRIMITIVE_PLUS_LITERALS,4,11,1,0.29;0.3311;0.7;0.73;1.6;1.69e-10
_p1833,PRIMITIVE_PLUS_LITERALS,6,2,1,6.03;9.975
_p1834,PRIMITIVE_PLUS_LITERALS,8,5,1,0.14;1.25;1e15;94.87
_p1835,PRIMITIVE_PLUS_LITERALS,4,3,1,3.27;34.0;80.0
_p1836,PRIMITIVE_PLUS_LITERALS,8,12,1,0.04;0.19;1.140;10.1;2.1;2027
_p1837,PRIMITIVE_PLUS_LITERALS,1,9,0,0.0274;0.2736;0.886;2000;4.2;88.6
_p1838,PRIMITIVE_PLUS_LITERALS,7,6,0,0.36;1.2209e19;100.0;244.0;4.24
_p1839,PRIMITIVE_PLUS_LITERALS,3,8,1,0.308;0.31;0.40;0.579;0.60;60.0
_p1840,ANCHORED_OR_DISCLOSED,0,6,1,1e-45;1e-47;2.84e-49;2032;3.25e-46
_p1841,PRIMITIVE_PLUS_LITERALS,4,11,0,0.15;0.60;0.66;1.425;2.3;40.20
_p1842,PRIMITIVE_PLUS_LITERALS,4,8,1,0.1298;0.13029;0.37;1.0036;100.0
_p1843,PRIMITIVE_PLUS_LITERALS,5,4,1,0.063;2.437;2.53;200.0
_p1844,PRIMITIVE_PLUS_LITERALS,4,1,0,4.79
_p1845,PRIMITIVE_PLUS_LITERALS,9,11,1,0.00035;0.0029;0.0043;0.138;100.0;137.0
_p1846,PRIMITIVE_PLUS_LITERALS,6,5,0,0.4788;0.48;122.5;2.05
_p1847,PRIMITIVE_PLUS_LITERALS,1,4,1,2028;2030;3.18e-28
_p1848,PRIMITIVE_PLUS_LITERALS,3,5,0,2.92;2030;291.2;3.070
_p1849,PRIMITIVE_PLUS_LITERALS,2,6,1,0.2736;2.228e-3;2.298e-3;2.30e-3;3.15
_p1850,PRIMITIVE_PLUS_LITERALS,8,9,1,0.000017;0.59e-9;1.1659206e-3;2.298e-9;2.51;2.596e-9
_p1851,PRIMITIVE_PLUS_LITERALS,4,4,0,4.16e-24;4.79
_p1852,PRIMITIVE_PLUS_LITERALS,4,3,0,0.479;157.24
_p1853,PRIMITIVE_PLUS_LITERALS,15,8,1,0.042;0.2443;0.43;2.528e-5;6.2;7.6
_p1854,PRIMITIVE_PLUS_LITERALS,5,9,1,0.1732;0.217;1.736;11.7;199.8;3.8
_p1855,PRIMITIVE_PLUS_LITERALS,3,7,1,1.24e-10;1.2e-10;100.0;2.184e-18;3.12
_p1856,PRIMITIVE_PLUS_LITERALS,13,5,0,0.31;1.05;222.3;812.5
_p1857,PRIMITIVE_PLUS_LITERALS,2,8,1,0.042;1.1875;1.188;130.0;14.5;195.0
_p1858,PRIMITIVE_PLUS_LITERALS,9,8,0,0.41;1.41;2.55;3.772;3.826;5.586
_p1859,PRIMITIVE_PLUS_LITERALS,7,8,1,0.058;0.137;1.736;1.779;2.199;5.17
_p1860,PRIMITIVE_PLUS_LITERALS,6,5,1,1.94;2.184e-18;8.74e-10;8.92e-10
_p1861,PRIMITIVE_PLUS_LITERALS,3,6,1,0.0000;1.235;1.2708;3.097
_p1862,PRIMITIVE_PLUS_LITERALS,10,2,1,0.48;1.9
_p1863,PRIMITIVE_PLUS_LITERALS,8,7,0,0.28;0.33;0.96;39.1;60.0;92.7
_p1864,PRIMITIVE_PLUS_LITERALS,2,10,1,0.694;1.64;1941;2.25;2.52;2.77
_p1865,PRIMITIVE_PLUS_LITERALS,9,5,1,0.64;2.11;463.0;51.67
_p1866,PRIMITIVE_PLUS_LITERALS,7,7,1,0.13;1.2209e19;1.28e16;1e16;2.84;28.0
_p1867,PRIMITIVE_PLUS_LITERALS,5,9,1,0.02;0.086;1.945;1.952;3.0434;3.046
_p1868,PRIMITIVE_PLUS_LITERALS,5,7,1,11.07;11.92;17.8;6.0;7.65;8.61
_p1869,PRIMITIVE_PLUS_LITERALS,3,3,1,1e-16;4.6e17
_p1870,PRIMITIVE_PLUS_LITERALS,10,9,0,0.96;1.58;144.1;2.397;2.42;2.93
_p1871,PRIMITIVE_PLUS_LITERALS,6,8,1,0.37;1.22;1.8;1.843;145.2;2.39
_p1872,PRIMITIVE_PLUS_LITERALS,1,9,1,0.001;137.0355;1e-7;203.389;203.392;4463.302
_p1873,PRIMITIVE_PLUS_LITERALS,1,4,1,0.579;1.73e11;6.17e-8
_p1874,PRIMITIVE_PLUS_LITERALS,18,10,1,0.35;0.97;1.1;1.4349;1.44;140.1
_p1875,PRIMITIVE_PLUS_LITERALS,10,8,0,0.00230;0.34;0.579;0.581;0.83;1.24
_p1876,PRIMITIVE_PLUS_LITERALS,9,8,1,0.0890;0.0892;0.19;0.431;2.42;2.9
_p1877,PRIMITIVE_PLUS_LITERALS,13,9,1,1.28;1.79;1076;1090;13.75;2.83
_p1878,PRIMITIVE_PLUS_LITERALS,10,7,1,0.0799;0.16;0.286;4.79;4.85;9.75
_p1879,PRIMITIVE_PLUS_LITERALS,6,6,1,0.144;0.15;16.7;4.15;7.75
_p1881,PRIMITIVE_PLUS_LITERALS,28,8,1,1.51e23;1.73e11;1.9;13.75;14.0;1e21
_p1882,PRIMITIVE_PLUS_LITERALS,16,10,1,0.008;0.0274;0.107;0.1081;0.2736;0.37
_p1883,PRIMITIVE_PLUS_LITERALS,15,17,1,0.05;0.24;0.6;1.08754;1.08808;1.4
_p1884,PRIMITIVE_PLUS_LITERALS,20,18,1,0.22;0.24;0.26;1.2;1.25;1000.0
_p1885,PRIMITIVE_PLUS_LITERALS,12,1,1,2027
_p1886,PRIMITIVE_PLUS_LITERALS,26,7,1,0.057;0.50;0.57;0.60;120.9;14.0
_p1887,PRIMITIVE_PLUS_LITERALS,16,7,1,0.199;0.200;17.6;1e18;2028;2035
_p1888,PRIMITIVE_PLUS_LITERALS,18,12,1,1.22e16;1.22e19;1.6;1.75e9;2.96e-28;2028
_p1889,PRIMITIVE_PLUS_LITERALS,7,7,1,1.1;1.25;1.5;14.7;1e15;2.083
_p1890,PRIMITIVE_PLUS_LITERALS,9,24,1,0.00004;0.0002;0.009;0.023;0.026;0.06
_p1891,PRIMITIVE_PLUS_LITERALS,18,16,1,0.52;0.59;1.187;1.3;1.6;1.71
_p1892,PRIMITIVE_PLUS_LITERALS,40,5,1,0.0274;0.18;3.973;3.98
_p1893,PRIMITIVE_PLUS_LITERALS,5,19,0,0.05;0.10;0.20;0.43;1.15;1.4
_p1894,PRIMITIVE_PLUS_LITERALS,3,9,1,0.64;1.272e15;1.28e15;1.2969;1933;29.7
_p1895,PRIMITIVE_PLUS_LITERALS,4,10,1,0.27;0.50;0.71;0.73;0.89;2.82
_p1896,PRIMITIVE_PLUS_LITERALS,5,7,1,0.30;3.5;3.51;5.21;67.4
_p1897,PRIMITIVE_PLUS_LITERALS,4,7,1,1.68;1.7;19.66;3.53;4.960;8.617385e-5
_p1898,PRIMITIVE_PLUS_LITERALS,10,3,1,1.42e24;1130
_p1899,PRIMITIVE_PLUS_LITERALS,13,7,1,0.011;0.026;0.033031;0.033040;0.033044
_p1900,PRIMITIVE_PLUS_LITERALS,11,9,1,1.87;1.923;2.8;376.2;6.0;723.5
_p1901,PRIMITIVE_PLUS_LITERALS,7,9,1,1e7;4.65;5.1;5.64;8.14;8.32
_p1902,ANCHORED_OR_DISCLOSED,0,15,1,0.33;0.4910;2.61;2023;2024;3.102
_p1903,PRIMITIVE_PLUS_LITERALS,15,9,1,0.003;0.18;0.6838;1.089e-52;18.0;2.184e-18
_p1904,PRIMITIVE_PLUS_LITERALS,11,10,1,0.22;0.31;0.66;1.0143;2.3;27.08
_p1905,PRIMITIVE_PLUS_LITERALS,9,9,1,0.9;11.07;11.25;11.92;2.27;22.5
_p1906,PRIMITIVE_PLUS_LITERALS,6,5,1,0.9975;1.0973;1.1875;9.7
_p1907,PRIMITIVE_PLUS_LITERALS,2,7,0,0.23;1.25;1.602176634e-19;1e-8;5.17;6.62607015e-34
_p1908,PRIMITIVE_PLUS_LITERALS,3,5,1,0.02;1.1875e6;1.25;7.09e-13
_p1909,PRIMITIVE_PLUS_LITERALS,3,2,1,3603;4.333
_p1910,PRIMITIVE_PLUS_LITERALS,7,7,1,0.057;1275;2.5e-4;2156;2525;3603
_p1911,PRIMITIVE_PLUS_LITERALS,18,4,1,1e-20;2e6;3603;4e-8
_p1912,PRIMITIVE_PLUS_LITERALS,7,1,1,1275
_p1913,PRIMITIVE_PLUS_LITERALS,10,1,1,0.01
_p1914,PRIMITIVE_PLUS_LITERALS,4,2,1,0.67;66.7
_p1915,PRIMITIVE_PLUS_LITERALS,2,1,1,1920
_p1916,PRIMITIVE_PLUS_LITERALS,10,3,1,0.8;1.2;1.5
_p1918,PRIMITIVE_PLUS_LITERALS,6,4,1,0.01;0.6;2.5;5224
_p1919,PRIMITIVE_PLUS_LITERALS,2,1,1,2139
_p1920,PRIMITIVE_PLUS_LITERALS,7,1,1,5.957e-10
_p1921,PRIMITIVE_PLUS_LITERALS,3,1,1,0.80
_p1924,PRIMITIVE_PLUS_LITERALS,1,9,1,1.2e-10;1.94e4;1.9e4;4.219e-10;8.438e-10;8.86e-10
_p1925,PRIMITIVE_PLUS_LITERALS,4,1,1,1.8
_p1926,PRIMITIVE_PLUS_LITERALS,6,9,1,0.00729735;0.011;45.97;833.33;878.4;879.31
_p1930,PRIMITIVE_PLUS_LITERALS,6,1,1,5.0
_p1932,ANCHORED_OR_DISCLOSED,0,1,1,2171
_p1934,PRIMITIVE_PLUS_LITERALS,2,10,1,1.25;1420.4;1938;2.5e-6;3e-3
_p1935,PRIMITIVE_PLUS_LITERALS,11,1,1,2017
_p1937,PRIMITIVE_PLUS_LITERALS,2,8,1,0.042;1.1875;1.188;1901;1910
_p1938,PRIMITIVE_PLUS_LITERALS,2,3,1,1.25;5.17;6.62607015e-34
_p1939,PRIMITIVE_PLUS_LITERALS,2,1,1,1963
_p1943,ANCHORED_OR_DISCLOSED,0,2,1,3.20e-4;3.2e-4
_p1944,PRIMITIVE_PLUS_LITERALS,4,7,1,0501;1745;1e11;2900;2e10;4516
_p1945,PRIMITIVE_PLUS_LITERALS,4,10,1,0.10;0.20;0142;0501;1.3e10;1745
_p1946,PRIMITIVE_PLUS_LITERALS,11,4,1,0501;10000;4000;4516
_p1947,PRIMITIVE_PLUS_LITERALS,11,7,1,0.08;1800;2025;5.556e-4;5.56e-4
_p1949,PRIMITIVE_PLUS_LITERALS,4,1,0,5.556e-4
_p1950,PRIMITIVE_PLUS_LITERALS,3,11,1,0.08;12.5;1800;2.92;4.3e6;5.5e7
_p1951,PRIMITIVE_PLUS_LITERALS,2,3,1,1275;1879;4945
_p1952,PRIMITIVE_PLUS_LITERALS,5,1,1,4945
_p1954,PRIMITIVE_PLUS_LITERALS,3,2,1,137.04;4945
_p1955,PRIMITIVE_PLUS_LITERALS,16,1,1,20.83
_p1956,PRIMITIVE_PLUS_LITERALS,3,7,1,0.18;0.30;0.315;0.6838;0.685;0.70
_p1957,PRIMITIVE_PLUS_LITERALS,5,2,1,12.5
_p1958,PRIMITIVE_PLUS_LITERALS,1,1,1,2022
_p1959,PRIMITIVE_PLUS_LITERALS,7,9,1,0.12;0.94;2.7;2.72548
_p1961,PRIMITIVE_PLUS_LITERALS,3,3,0,0.01;2.7;28.8
_p1962,PRIMITIVE_PLUS_LITERALS,7,2,1,1.5
_p1963,PRIMITIVE_PLUS_LITERALS,7,1,1,1812
_p1964,PRIMITIVE_PLUS_LITERALS,4,1,1,1.5
_p1965,PRIMITIVE_PLUS_LITERALS,6,3,1,1.05;222.3
_p1966,PRIMITIVE_PLUS_LITERALS,6,5,1,0.15;0.4;0.45;0.6
_p1967,PRIMITIVE_PLUS_LITERALS,2,6,1,0.001;0.15;0.45;0.450;0.6
_p1968,ANCHORED_OR_DISCLOSED,0,6,1,1.09725;1.0973;201.0;220.56;8.49
_p1969,PRIMITIVE_PLUS_LITERALS,5,1,0,0.01
_p1971,PRIMITIVE_PLUS_LITERALS,7,1,1,3603
_p1972,PRIMITIVE_PLUS_LITERALS,4,4,1,2000;2e6;3603;4038
_p1973,UNTRACED_CORE,0,4,0,1.09725;1.0973;1.097e-3
_p1974,PRIMITIVE_PLUS_LITERALS,3,1,1,3603
_p1975,PRIMITIVE_PLUS_LITERALS,2,12,0,0.02;1.1875;1.1875e6;1901;2525;7.09
_p1976,PRIMITIVE_PLUS_LITERALS,4,2,1,0.05;2010
_p1977,PRIMITIVE_PLUS_LITERALS,4,1,1,0.01
_p1980,PRIMITIVE_PLUS_LITERALS,6,1,1,2169
_p1981,PRIMITIVE_PLUS_LITERALS,2,1,0,1200
_p1982,PRIMITIVE_PLUS_LITERALS,5,1,1,1952
_p1983,PRIMITIVE_PLUS_LITERALS,5,1,1,5128
_p1984,PRIMITIVE_PLUS_LITERALS,8,2,1,2522;4e5
_p1985,PRIMITIVE_PLUS_LITERALS,9,4,1,1e-6;2.25;2.25e7;2525
_p1986,PRIMITIVE_PLUS_LITERALS,2,2,1,1e-4;1e-8
_p1987,PRIMITIVE_PLUS_LITERALS,2,4,1,1.25;1822;1921;1930
_p1989,PRIMITIVE_PLUS_LITERALS,8,4,1,1711;1e-21;1e53
_p1991,PRIMITIVE_PLUS_LITERALS,9,2,0,1745;1e-12
_p1992,PRIMITIVE_PLUS_LITERALS,2,8,1,0.07;1.1875;1.683;1.68421;1200;1425
_p1993,PRIMITIVE_PLUS_LITERALS,1,3,1,1.43e-17;1.445e-17
_p1994,PRIMITIVE_PLUS_LITERALS,7,2,0,1e24;7.09
_p1995,PRIMITIVE_PLUS_LITERALS,5,2,1,0501;4516
_p1996,PRIMITIVE_PLUS_LITERALS,2,3,0,0.07;1.25;5.404
_p1999,UNTRACED_CORE,0,2,0,4945
_p2000,PRIMITIVE_PLUS_LITERALS,8,5,1,0.333;1995;1e-40;2000
_p2001,PRIMITIVE_PLUS_LITERALS,9,2,1,4.4e26;44e25
_p2003,PRIMITIVE_PLUS_LITERALS,6,2,0,1745;6.5
_p2004,PRIMITIVE_PLUS_LITERALS,1,3,1,1956;2002;2003
_p2005,PRIMITIVE_PLUS_LITERALS,12,2,1,1931;6302
_p2006,PRIMITIVE_PLUS_LITERALS,9,3,1,0.6838;0.7;2525
_p2007,PRIMITIVE_PLUS_LITERALS,9,2,1,0.026;14.0
_p2009,PRIMITIVE_PLUS_LITERALS,10,3,0,1.683e-97;1.885;1e-23
_p2010,PRIMITIVE_PLUS_LITERALS,19,3,1,1e26;5e-4
_p2011,PRIMITIVE_PLUS_LITERALS,15,3,1,0.4;1316
_p2015,PRIMITIVE_PLUS_LITERALS,9,1,1,1948
_p2016,PRIMITIVE_PLUS_LITERALS,5,2,1,3603
_p2017,PRIMITIVE_PLUS_LITERALS,9,1,0,0501
_p2018,PRIMITIVE_PLUS_LITERALS,7,1,0,1e-113
_p2021,PRIMITIVE_PLUS_LITERALS,14,1,1,1.5e6
_p2024,PRIMITIVE_PLUS_LITERALS,7,2,1,0.80;0.85
_p2025,PRIMITIVE_PLUS_LITERALS,7,1,1,6302
_p2026,PRIMITIVE_PLUS_LITERALS,4,2,1,0.27;29.7
_p2027,PRIMITIVE_PLUS_LITERALS,4,1,1,17.0
_p2028,PRIMITIVE_PLUS_LITERALS,3,1,1,0.05
_p2031,PRIMITIVE_PLUS_LITERALS,5,1,1,3.33e-5
_p2035,PRIMITIVE_PLUS_LITERALS,7,1,1,1.8e6
_p2036,PRIMITIVE_PLUS_LITERALS,3,1,1,1.989e42
_p2037,PRIMITIVE_PLUS_LITERALS,7,2,1,1.25
_p2045,PRIMITIVE_PLUS_LITERALS,3,1,1,0.99
_p2047,PRIMITIVE_PLUS_LITERALS,1,3,0,2043;2046;2047
_p2049,PRIMITIVE_PLUS_LITERALS,3,1,1,0.9
_p2050,PRIMITIVE_PLUS_LITERALS,2,1,0,0.99
_p2051,PRIMITIVE_PLUS_LITERALS,3,1,1,1745
_p2053,PRIMITIVE_PLUS_LITERALS,10,2,1,4.4e26;46.5
_p2054,PRIMITIVE_PLUS_LITERALS,6,1,1,5866
_p2056,PRIMITIVE_PLUS_LITERALS,5,1,1,1.05
_p2057,PRIMITIVE_PLUS_LITERALS,10,2,1,2.75;2.75e-7
_p2058,PRIMITIVE_PLUS_LITERALS,3,1,1,0.95
_p2059,PRIMITIVE_PLUS_LITERALS,4,4,1,0.7;0.9;0.95
_p2060,PRIMITIVE_PLUS_LITERALS,7,1,1,0.998
_p2061,PRIMITIVE_PLUS_LITERALS,7,1,1,6.6e10
_p2062,PRIMITIVE_PLUS_LITERALS,9,1,1,30.2
_p2063,ANCHORED_OR_DISCLOSED,0,4,1,13.6057;137.04;30.2;36.92
_p2064,PRIMITIVE_PLUS_LITERALS,3,1,0,4.4
_p2065,PRIMITIVE_PLUS_LITERALS,6,1,0,0.03
_p2066,PRIMITIVE_PLUS_LITERALS,2,1,1,2.84e-36
_p2068,PRIMITIVE_PLUS_LITERALS,13,1,1,0.045
_p2069,PRIMITIVE_PLUS_LITERALS,10,1,1,7.1
_p2070,PRIMITIVE_PLUS_LITERALS,9,2,1,0.995;0.999
_p2071,PRIMITIVE_PLUS_LITERALS,8,4,1,0.32;4.414e13;4.4e13
_p2072,PRIMITIVE_PLUS_LITERALS,6,1,1,1200
_p2073,ANCHORED_OR_DISCLOSED,0,1,1,2569
_p2075,PRIMITIVE_PLUS_LITERALS,8,3,1,1.11e-52;1.1e-52
_p2077,PRIMITIVE_PLUS_LITERALS,7,1,1,1.5e7
_p2079,PRIMITIVE_PLUS_LITERALS,11,1,1,3.3
_p2081,PRIMITIVE_PLUS_LITERALS,13,2,1,0.88;0.92
_p2082,PRIMITIVE_PLUS_LITERALS,7,1,1,0.72
_p2083,PRIMITIVE_PLUS_LITERALS,12,2,1,0.06;1.2
_p2084,PRIMITIVE_PLUS_LITERALS,13,1,1,0.11
_p2085,PRIMITIVE_PLUS_LITERALS,16,2,1,33.3;5e-4
_p2086,PRIMITIVE_PLUS_LITERALS,13,4,1,0.08;1060;1090;5000
_p2087,PRIMITIVE_PLUS_LITERALS,11,1,0,0.7
_p2088,PRIMITIVE_PLUS_LITERALS,20,2,1,0.019;0.13
_p2089,PRIMITIVE_PLUS_LITERALS,18,5,0,0.11;0.66;4.5e-5;5866;6.6
_p2090,PRIMITIVE_PLUS_LITERALS,16,1,1,0.57
_p2091,PRIMITIVE_PLUS_LITERALS,4,1,1,0.84
_p2092,PRIMITIVE_PLUS_LITERALS,9,1,0,0.03
_p2093,PRIMITIVE_PLUS_LITERALS,7,2,1,2.2e-18;22e-19
_p2094,PRIMITIVE_PLUS_LITERALS,4,2,1,1.1e-52;1697
_p2096,PRIMITIVE_PLUS_LITERALS,3,1,0,33.3
_p2098,ANCHORED_OR_DISCLOSED,0,1,1,17.0
_p2100,PRIMITIVE_PLUS_LITERALS,2,1,1,1e-20
_p2103,PRIMITIVE_PLUS_LITERALS,2,1,0,0.99
_p2106,PRIMITIVE_PLUS_LITERALS,4,1,1,6e-27
_p2107,PRIMITIVE_PLUS_LITERALS,4,1,0,1e-26
_p2108,PRIMITIVE_PLUS_LITERALS,2,2,1,1.2566370614e-6;2019
_p2110,PRIMITIVE_PLUS_LITERALS,21,7,1,0.0014;0.057;10.057;365.25;772.4
_p2112,PRIMITIVE_PLUS_LITERALS,4,2,1,2112;5e-4
_p2113,PRIMITIVE_PLUS_LITERALS,2,1,0,1e-50
_p2117,PRIMITIVE_PLUS_LITERALS,13,1,0,1e-9
_p2118,UNTRACED_CORE,0,1,0,2118
_p2126,PRIMITIVE_PLUS_LITERALS,9,1,1,4.4e13
_p2129,PRIMITIVE_PLUS_LITERALS,2,4,1,0.0011;0.84
_p2130,UNTRACED_CORE,0,7,0,2093;2094;2112;2125;2129;2130
_p2131,PRIMITIVE_PLUS_LITERALS,5,3,1,0.014
_p2132,PRIMITIVE_PLUS_LITERALS,9,4,1,0.11875;160.0;19.0;1e-15
_p2133,PRIMITIVE_PLUS_LITERALS,4,2,1,12.0;1e-15
_p2134,PRIMITIVE_PLUS_LITERALS,3,5,1,0.16;0.84;1e-15;21.0;25.0
_p2136,PRIMITIVE_PLUS_LITERALS,8,3,1,0.024;125.0;1e-15
_p2137,PRIMITIVE_PLUS_LITERALS,6,5,0,1.5;2.2;2011
_p2139,PRIMITIVE_PLUS_LITERALS,10,1,0,2.6e20
_p2140,UNTRACED_CORE,0,1,0,1280
_p2141,PRIMITIVE_PLUS_LITERALS,1,2,1,1421;1768
_p2143,PRIMITIVE_PLUS_LITERALS,3,1,1,15.0
_p2144,PRIMITIVE_PLUS_LITERALS,6,8,1,0.065;0.90;1000.0;2.27e-18;3.0857e22;47.6
_p2146,ANCHORED_OR_DISCLOSED,0,1,1,5.4
_p2147,ANCHORED_OR_DISCLOSED,0,4,1,1170;1226;13.4
_p2148,ANCHORED_OR_DISCLOSED,0,1,1,2024
_p2152,ANCHORED_OR_DISCLOSED,0,3,1,0.6;2025
_p2153,PRIMITIVE_PLUS_LITERALS,2,1,0,1226
_p2154,PRIMITIVE_PLUS_LITERALS,10,7,1,0.47;1.49;1e-15;6.25;66.7
_p2156,PRIMITIVE_PLUS_LITERALS,2,4,1,1.894;5.0e-27;9.47e-27
_p2157,PRIMITIVE_PLUS_LITERALS,4,2,1,100.0;877.75
_p2158,PRIMITIVE_PLUS_LITERALS,1,5,1,0.316;100.0;1e-15;2010;2018
_p2161,PRIMITIVE_PLUS_LITERALS,8,12,1,0.010;0.013;0.058;0.09;0.30;0.37
_p2162,PRIMITIVE_PLUS_LITERALS,7,9,0,1.380649e-23;124.98;1e-9;499.9;59.99;6.62607015e-34
_p2163,PRIMITIVE_PLUS_LITERALS,3,1,0,8192
_p2165,PRIMITIVE_PLUS_LITERALS,4,5,1,0.00729735;1.32e18;1e-9;5.0
_p2166,PRIMITIVE_PLUS_LITERALS,4,5,1,1.0032;1162;1e-8;4.365;6.551e-11
_p2167,PRIMITIVE_PLUS_LITERALS,33,9,1,0.0625;0.75;1.25;12.0;1e-14;25.0
_p2168,PRIMITIVE_PLUS_LITERALS,2,18,1,0.00039;0.0019;0.10;0.17;0.74;0.838
_p2169,PRIMITIVE_PLUS_LITERALS,11,13,1,0.0029;0.004;0.0043;0.0072973525693;0.138;0.481621
_p2170,ANCHORED_OR_DISCLOSED,0,12,1,0.0029;0.0043;0.0072973525693;0.138;100.0;2026
_p2172,PRIMITIVE_PLUS_LITERALS,7,9,1,0.315;0.32;1.9;100.0;1e-26;2026
_p2173,PRIMITIVE_PLUS_LITERALS,15,22,1,0.79;0.84;1.75;10.0;100.0;24.0
_p2174,PRIMITIVE_PLUS_LITERALS,4,5,1,1.25;10.5;1e-15;2026;7.4
_p2175,PRIMITIVE_PLUS_LITERALS,1,7,1,0.003;0.008;0.01;0.026;0.027;0.03
_p2176,PRIMITIVE_PLUS_LITERALS,10,5,0,0.003;0.2736;1681;1e-12;2.84
_p2177,PRIMITIVE_PLUS_LITERALS,1,19,1,0.057;0.2736;0.73;1.3e8;1.75e9;1861
_p2178,PRIMITIVE_PLUS_LITERALS,9,3,1,0.05;0.083;1e-6
_p221d,PRIMITIVE_PLUS_LITERALS,5,2,0,0.57;5.0e-4
_p376b,PRIMITIVE_PLUS_LITERALS,2,5,1,1.445e-17;1.894;5.93e-3;5e-4
_p657b,UNTRACED_CORE,0,3,0,1.496e13;3.38e23;5e-5
_paper_001,PRIMITIVE_PLUS_LITERALS,8,20,1,0.333;0.37;0.44;0.47;0.50;1.0e4
_paper_002,PRIMITIVE_PLUS_LITERALS,12,58,1,0.145;0.333;0.37;0.47;0.49;0.51
_paper_003,PRIMITIVE_PLUS_LITERALS,10,35,1,0.126;0.166;0.333;0.37;1.2;1.2499e-21
_paper_004,PRIMITIVE_PLUS_LITERALS,11,42,1,0.105;0.333;0.37;1.0e-3;1.0e4;1.188
_paper_005,PRIMITIVE_PLUS_LITERALS,12,41,1,0.176;0.8031;0.8056;0.81;0.815;0.903
_paper_006,PRIMITIVE_PLUS_LITERALS,8,34,1,0.04;0.05;0.089;0.333;0.37;1.0e4
_paper_007,PRIMITIVE_PLUS_LITERALS,8,29,1,0.09;0.155;0.172;1.0e4;1.2;1.27
_paper_008,PRIMITIVE_PLUS_LITERALS,10,29,1,0.079;0.110889;0.333;0.37;1.188;1.2
_paper_008b,PRIMITIVE_PLUS_LITERALS,10,38,1,0.079;0.333;0.37;0.90;1.188;1.2
_paper_009,PRIMITIVE_PLUS_LITERALS,10,36,1,0.166;0.333;0.37;0.530;0.62;0.81
_paper_009b,PRIMITIVE_PLUS_LITERALS,11,34,1,0.126;0.166;0.333;0.37;0.90;1.2
_paper_010,PRIMITIVE_PLUS_LITERALS,9,39,1,0.02;0.03;0.035;0.05;0.08;0.085
_paper_010b,PRIMITIVE_PLUS_LITERALS,1,20,1,0.05;0.139;0.333;0.37;1.0e4;1.3728e-21
_paper_011,PRIMITIVE_PLUS_LITERALS,2,44,1,0.05;0.111;0.123;0.333;0.37;0.4
_paper_011b,PRIMITIVE_PLUS_LITERALS,1,17,0,0.123;0.333;0.37;0.619;0.622;0.90
_paper_012,PRIMITIVE_PLUS_LITERALS,1,24,0,0.003;0.01;0.144;0.333;0.37;1.4
_paper_012b,PRIMITIVE_PLUS_LITERALS,1,15,1,0.144;0.3816;0.6691;0.990;1.0e4;2.6207
_paper_013,ANCHORED_OR_DISCLOSED,0,37,1,0.01;0.02;0.0218;0.06;0.375;1.0e4
_paper_013b,ANCHORED_OR_DISCLOSED,0,17,1,0.06;0.6194;1.0e4;1.0e6;1.5;100.0
_paper_014,PRIMITIVE_PLUS_LITERALS,5,34,1,0.01;0.03;0.05;0.145;0.333;0.45
_paper_014b,ANCHORED_OR_DISCLOSED,0,19,1,0.145;1.0e-5;1.0e4;1.0e6;1.15;1.5
_paper_015,PRIMITIVE_PLUS_LITERALS,4,56,1,0.03;0.04;0.08;0.109;0.12;0.13
_paper_015b,ANCHORED_OR_DISCLOSED,0,43,1,0.109;0.24;0.2407;0.241;0.333;0.522
_paper_016,PRIMITIVE_PLUS_LITERALS,4,27,1,0.0277;0.05;0.15;0.171;0.995;1.0e-18
_paper_016b,ANCHORED_OR_DISCLOSED,0,38,1,0.171;0.33;0.53;0.6;0.619;0.62
_paper_017,PRIMITIVE_PLUS_LITERALS,10,50,1,0.10;0.176;0.3679;0.37;0.6216;0.6217
_paper_018,PRIMITIVE_PLUS_LITERALS,8,18,1,0.01;0.112;0.99;1.0e-4;1.0e-9;1.4
_paper_019,PRIMITIVE_PLUS_LITERALS,2,52,1,0.035;0.058;0.09;0.175;0.228;0.333
_paper_020,ANCHORED_OR_DISCLOSED,0,53,1,0.079;0.22;0.30;0.31;0.37;0.42
_paper_021,PRIMITIVE_PLUS_LITERALS,3,56,1,0.003;0.083;0.09;0.12;0.157;0.3249
_paper_022,PRIMITIVE_PLUS_LITERALS,6,51,1,0.106;0.127;0.185;0.3249;0.325;0.3695
_paper_023,PRIMITIVE_PLUS_LITERALS,4,65,1,0.013;0.052;0.07;0.1056584;0.167;0.37
_paper_024,PRIMITIVE_PLUS_LITERALS,9,63,1,0.071;0.152;0.1520;0.155;0.2827;0.283
_paper_025,PRIMITIVE_PLUS_LITERALS,3,57,1,0.047;0.073;0.1200;0.122;0.128;0.3249
_paper_025b,PRIMITIVE_PLUS_LITERALS,2,56,1,0.0742;0.12;0.122;0.131;0.37;0.407
_paper_026,PRIMITIVE_PLUS_LITERALS,11,63,1,0.0086;0.0171;0.0343;0.0507;0.1056;0.113
_paper_026b,PRIMITIVE_PLUS_LITERALS,9,58,1,0.113;0.1369;0.14;0.22;0.30;0.37
_paper_026c,PRIMITIVE_PLUS_LITERALS,3,11,1,1.0e4;1.4;1.4531e26;26.0;3.5;5.4
_paper_027,PRIMITIVE_PLUS_LITERALS,5,45,1,0.1369;0.143;0.3337;0.5655;0.57;0.59
_paper_028,PRIMITIVE_PLUS_LITERALS,2,47,1,0.0296;0.02960;0.030;0.0303;0.0507;0.09
_paper_029,PRIMITIVE_PLUS_LITERALS,14,48,1,0.0343;0.0485;0.05;0.1056;0.168;0.197
_paper_030,PRIMITIVE_PLUS_LITERALS,1,64,1,0.093;0.143;0.227;0.251;0.252;0.738
_paper_031,PRIMITIVE_PLUS_LITERALS,8,69,1,0.0019;0.0020;0.0392;0.1057;0.147;0.1806
_paper_032,PRIMITIVE_PLUS_LITERALS,5,50,1,0.093;0.1369;0.30;0.333;0.37;0.370
_paper_033,PRIMITIVE_PLUS_LITERALS,1,54,1,0.093;0.099;0.1369;0.222;0.227;0.231
_paper_034,PRIMITIVE_PLUS_LITERALS,2,58,1,0.005;0.04;0.11;0.172;0.1927;0.351
_paper_035,ANCHORED_OR_DISCLOSED,0,46,1,0.0074;0.05;0.064;0.113;0.3308;0.331
_paper_036,ANCHORED_OR_DISCLOSED,0,26,1,0.054;1.0e-10;1.0e-6;1.0e4;1.0e6;1.22e-19
_paper_037,ANCHORED_OR_DISCLOSED,0,53,1,0.05;0.099;0.368;1.0e-3;1.0e4;1.0e44
_paper_038,ANCHORED_OR_DISCLOSED,0,71,1,0.05;0.15;0.165;0.40;0.50;0.82
_paper_039,ANCHORED_OR_DISCLOSED,0,48,1,0.0336;0.141;0.41;1.055e-34;1.0e-10;1.0e-11
_paper_040,ANCHORED_OR_DISCLOSED,0,52,1,0.123;1.0e-10;1.0e-13;1.0e3;1.0e4;1.0e6
_paper_041,ANCHORED_OR_DISCLOSED,0,41,1,0.001;0.01;0.052;1.0e-12;1.0e-13;1.0e4
_paper_042,PRIMITIVE_PLUS_LITERALS,2,41,1,0.159;1.0e-10;1.0e12;1.0e4;1.2;1.21e44
_paper_043,PRIMITIVE_PLUS_LITERALS,5,52,1,0.01;0.05;0.056;0.60;0.75;0.7575
_paper_044,PRIMITIVE_PLUS_LITERALS,1,25,1,0.063;0.1369;1.0e-8;1.0e10;1.0e4;1.4
_paper_045,PRIMITIVE_PLUS_LITERALS,2,43,1,0.0144;0.05;0.119;0.477;0.60;0.65
_paper_046,ANCHORED_OR_DISCLOSED,0,34,1,0.086;1.0e-63;1.0e-8;1.0e4;1.0e69;1.25e12
_paper_047,ANCHORED_OR_DISCLOSED,0,56,1,0.149;0.711;1.0e-8;1.0e4;1.4;1.49
_paper_048,ANCHORED_OR_DISCLOSED,0,56,1,0.10;0.164;1.0e-10;1.0e-8;1.0e15;1.0e4
_paper_049,ANCHORED_OR_DISCLOSED,0,41,1,0.058;0.117;1.0e-8;1.0e4;1.17e16;1.4
_paper_050,PRIMITIVE_PLUS_LITERALS,1,18,1,0.0144;0.0302;0.18;0.477;1.0e4;1.4
_paper_051,PRIMITIVE_PLUS_LITERALS,2,77,1,0.002;0.05;0.139;0.60;0.71;0.73
_paper_052,PRIMITIVE_PLUS_LITERALS,1,49,1,0.056;0.95;0.9515;1.01;1.0e4;1.1
_paper_053,PRIMITIVE_PLUS_LITERALS,2,37,1,0.192;0.3631;0.99;0.9980;0.9992;0.9995
_paper_054,ANCHORED_OR_DISCLOSED,0,33,1,0.002;0.0312;0.173;0.4;1.0002;1.0533e-2
_paper_055,ANCHORED_OR_DISCLOSED,0,48,1,0.022;0.0220;0.098;1.0002;1.0533e-1;1.0e4
_paper_056,ANCHORED_OR_DISCLOSED,0,49,1,0.04;0.157;1.0000;1.0533e-2;1.0e4;1.3275e-12
_paper_057,ANCHORED_OR_DISCLOSED,0,39,1,0.08;0.126;0.40;0.50;0.889;1.0001
_paper_058,ANCHORED_OR_DISCLOSED,0,45,1,0.071;0.63;1.0000;1.0002;1.0e4;1.3275e-10
_paper_059,ANCHORED_OR_DISCLOSED,0,65,1,0.10;0.182;0.525;0.700;0.85;0.95
_paper_060,PRIMITIVE_PLUS_LITERALS,4,53,1,0.051;0.067;0.17;0.189;0.244;0.303
_paper_061,PRIMITIVE_PLUS_LITERALS,3,43,1,0.15;0.38;0.57;0.61;1.0e4;1.2e3
_paper_062,PRIMITIVE_PLUS_LITERALS,1,59,1,0.092;0.199;0.511;1.0e-10;1.0e11;1.0e13
_paper_063,ANCHORED_OR_DISCLOSED,0,41,1,0.00048;0.00052;0.00055;0.00056;0.118;0.741
_paper_064,PRIMITIVE_PLUS_LITERALS,3,45,1,0.0005;0.097;0.57;0.99;1.0e-4;1.0e4
_paper_065,PRIMITIVE_PLUS_LITERALS,2,62,1,0.00052;0.10;0.197;0.21;0.97;1.0e4
_paper_066,PRIMITIVE_PLUS_LITERALS,3,65,1,0.148;0.43;0.4302;1.089e21;1.0e16;1.0e4
_paper_067,PRIMITIVE_PLUS_LITERALS,1,79,1,0.05;0.158;1.05;1.0e15;1.0e4;1.244e-8
_paper_068,PRIMITIVE_PLUS_LITERALS,1,75,1,0.0001;0.023;0.171;0.293;0.2933;0.57
_paper_069,ANCHORED_OR_DISCLOSED,0,61,1,0.136;0.970;0911;1.09e21;1.0e4;1.35e172
_paper_070,ANCHORED_OR_DISCLOSED,0,73,1,0.004;0.0041;0.056;0.64;0.65;0.7
_paper_071,ANCHORED_OR_DISCLOSED,0,75,1,0.064;0.971;1.09e21;1.0e4;1.35;1.35e-7
_paper_072,PRIMITIVE_PLUS_LITERALS,6,84,1,0.005;0.007;0.015;0.050;0.098;0.10
_paper_073,PRIMITIVE_PLUS_LITERALS,4,64,1,0.003;0.012;0.0148;0.015;0.034;0.07
_paper_074,PRIMITIVE_PLUS_LITERALS,3,64,1,0.001;0.032;0.034;0.057;0.075;0.38
_paper_075,ANCHORED_OR_DISCLOSED,0,39,1,0.086;0.769;0.80;0.893;0.99;1.014
_paper_076,ANCHORED_OR_DISCLOSED,0,38,1,0.188;1.055e-34;1.05e-70;1.0e4;1.10;1.4
_paper_077,ANCHORED_OR_DISCLOSED,0,62,1,0.0001;0.0003;0.01;0.03;0.156;0.30
_paper_078,PRIMITIVE_PLUS_LITERALS,4,35,1,0.0034;0.134;0.299;1.0e-4;1.0e4;1.10
_paper_079,ANCHORED_OR_DISCLOSED,0,54,1,0.01;0.192;0.99;1.0e-4;1.0e4;1.10
_paper_080,PRIMITIVE_PLUS_LITERALS,2,21,1,0.015;0.193;1.018;1.0e4;1.10;1.4
_paper_081,PRIMITIVE_PLUS_LITERALS,12,38,1,0.01;0.9895;0.9899;0.99;0.9999;1.11
_paper_082,PRIMITIVE_PLUS_LITERALS,5,47,1,0.583;0.8354;0.9606;0.9867;1.041;1.0410
_paper_083,PRIMITIVE_PLUS_LITERALS,3,40,1,0.45;0.9472;0.96;0.9648;0.9867;0.99
_paper_084,PRIMITIVE_PLUS_LITERALS,4,2,1,1.11;100.0
_paper_085,PRIMITIVE_PLUS_LITERALS,5,34,1,0.01;0.5205;0.99;0.9999;1.0410;1.11
_paper_086,PRIMITIVE_PLUS_LITERALS,1,37,1,0.99;1.099;1.11;1.5e-103;1.827e-4;182.6
_paper_087,PRIMITIVE_PLUS_LITERALS,3,61,1,0.0206;0.0342;0.06;0.099;0.6931;0.733
_paper_088,PRIMITIVE_PLUS_LITERALS,4,27,1,0.001;0.01;0.35;1.01;1.10;1.11
_paper_089,PRIMITIVE_PLUS_LITERALS,3,16,1,0.603;0.98;0.99;1.00;1.09e8;1.12
_paper_090,PRIMITIVE_PLUS_LITERALS,1,30,1,1.000002;1.12;1.27e10;1.2e4;1.30e12;1.62e12
_paper_091,PRIMITIVE_PLUS_LITERALS,2,17,1,0.01;0.063;0.6;1.0175;1.12;1.75
_paper_092,ANCHORED_OR_DISCLOSED,0,51,1,0.00061;0.015;0.07;0.40;0.99;1.0693
_paper_093,ANCHORED_OR_DISCLOSED,0,66,1,0.001;0.0025;0.015;0.044;0.07;0.099
_paper_094,PRIMITIVE_PLUS_LITERALS,3,60,1,0.0005;0.05;0.57;0.5700;0.755;1.12
_paper_095,PRIMITIVE_PLUS_LITERALS,1,29,1,0.995;1.01;1.12;1.4;1.57;100.0
_paper_096,PRIMITIVE_PLUS_LITERALS,1,49,1,0.01;0.875;0.99;1.01;1.08;1.10
_paper_097,PRIMITIVE_PLUS_LITERALS,2,4,1,1.13;100.0;1e-10
_paper_098,ANCHORED_OR_DISCLOSED,0,35,1,0.0005;0.0006;0.99;0.995;1.13;1e-120
_paper_099,PRIMITIVE_PLUS_LITERALS,1,41,1,0.755;0.99;1.13;1.602e-16;1.9;1e7
_paper_100,PRIMITIVE_PLUS_LITERALS,4,33,1,0.01;0.16;0.755;0.99;1.13;1.25
_paper_101,ANCHORED_OR_DISCLOSED,0,38,1,0.01;0.180;0.1976;0.77e6;0.99;1.13
_paper_102,PRIMITIVE_PLUS_LITERALS,2,33,1,0.01;0.85;0.98;0.99;1.0099;1.099
_paper_103,ANCHORED_OR_DISCLOSED,0,29,1,0.07;0.4888;0.50;0.57;1.13;1.25e12
_paper_104,ANCHORED_OR_DISCLOSED,0,14,1,1.13;1e-4;1e-8;1e-9;1e8;3.0e4
_paper_105,ANCHORED_OR_DISCLOSED,0,16,1,0.099;0.99;1.13;1.2;1.4;100.0
_paper_106,PRIMITIVE_PLUS_LITERALS,1,48,1,0.02;0.03;0.05;0.08;0.12;0.57
_paper_107,ANCHORED_OR_DISCLOSED,0,44,1,0.051;0.4766;0.477;0.57;0.62;1.028
_paper_108,PRIMITIVE_PLUS_LITERALS,7,41,1,0.01;0.0106;0.0121;0.09;0.135;0.43
_paper_109,ANCHORED_OR_DISCLOSED,0,37,1,0.0183;0.04;0.05;0.06;0.333;0.57
_paper_110,ANCHORED_OR_DISCLOSED,0,58,1,0.0005;0.07;0.85;1.15;1.543e14;1.54e14
_paper_111,ANCHORED_OR_DISCLOSED,0,44,1,0.05;0.081;0.091;0.65;0.7;1.0099
_paper_112,ANCHORED_OR_DISCLOSED,0,55,1,0.097;0.23;0.30;0.44;0.45;0.511
_paper_113,ANCHORED_OR_DISCLOSED,0,51,1,0.368;0.47;0.8;1.04;1.15;1.30e9
_paper_114,PRIMITIVE_PLUS_LITERALS,5,44,1,0.01;0.57;1.01;1.02e26;1.15;1.41
_paper_115,PRIMITIVE_PLUS_LITERALS,3,65,1,0.1825;0.7;1.15;1.3629;1.363;1.5
_paper_116,PRIMITIVE_PLUS_LITERALS,1,51,1,0.204;0.57;0.999;1.055e-34;1.15;1.493e-16
_paper_117,PRIMITIVE_PLUS_LITERALS,7,57,1,0.30;0.415;0.803;0.90;1.14;1.15
_paper_118,PRIMITIVE_PLUS_LITERALS,5,68,1,0.049;0.15;0.16;0.18491;0.18519;0.265
_paper_119,PRIMITIVE_PLUS_LITERALS,6,54,1,0.33;0.3971;0.57;0.61;0.752;1.11e7
_paper_120,PRIMITIVE_PLUS_LITERALS,1,54,1,0.012;0.397;0.47;1.16;1.496e11;1.496e13
_paper_121,PRIMITIVE_PLUS_LITERALS,1,37,1,0.0001;0.078;0.618;0.61803;0.99;1.17
_paper_122,PRIMITIVE_PLUS_LITERALS,2,40,1,0.468;0.9527;1.17;1.24;1.50e-10;1.5e-10
_paper_123,PRIMITIVE_PLUS_LITERALS,1,62,1,0.0006;0.12;0.20;0.20412;0.20466;0.2047
_paper_124,PRIMITIVE_PLUS_LITERALS,3,72,1,0.21;0.834;0.841;1.05;1.14;1.14e-12
_paper_125,ANCHORED_OR_DISCLOSED,0,62,1,0.35;1.17;1.38e-23;10000;1386;1386.3
_paper_126,PRIMITIVE_PLUS_LITERALS,15,73,1,0.0344;0.0348;0.043;0.213;0.348;0.37
_paper_127,PRIMITIVE_PLUS_LITERALS,3,47,1,0.01;0.0145;0.322;0.685;0.692;1.01
_paper_128,PRIMITIVE_PLUS_LITERALS,4,51,1,0.049;0.128;0.16;0.1622;0.185;0.18519
_paper_129,ANCHORED_OR_DISCLOSED,0,28,1,0.096;0.10;0.809;0.8246;0.98;1.05
_paper_130,PRIMITIVE_PLUS_LITERALS,5,45,1,0.05;0.061;0.37;0.48;0.600;0.61
_paper_131,PRIMITIVE_PLUS_LITERALS,2,57,1,0.04;0.093;0.0930;0.106;0.168;0.397
_paper_132,PRIMITIVE_PLUS_LITERALS,8,41,1,0.051;0.28;0.380;0.414;1.17;1.754
_paper_133,PRIMITIVE_PLUS_LITERALS,5,73,1,0.0005;0.001;0.6;1.005;1.18e5;1.18e53
_paper_134,ANCHORED_OR_DISCLOSED,0,63,1,1.005;1.18e40;1.18e53;1.1e-10;1.2;1.335e18
_paper_135,ANCHORED_OR_DISCLOSED,0,41,1,0.15;0.85;0.891;0.929;0.996;1.0099
_paper_136,PRIMITIVE_PLUS_LITERALS,6,52,1,1.12e9;1.17e21;1.1e25;1.3e4;1.8;1e-7
_paper_137,PRIMITIVE_PLUS_LITERALS,2,33,1,0.624;1.6e-18;12.3;1e-10;1e-2;1e-20
_paper_138,ANCHORED_OR_DISCLOSED,0,59,1,0.76;1.1e-52;1573;1e-10;1e-20;1e-5
_paper_139,ANCHORED_OR_DISCLOSED,0,49,1,0.001;0.014;0.529e-10;1.00001;1.2;1.252e46
_paper_140,PRIMITIVE_PLUS_LITERALS,12,19,1,1.000000008;1.0000049;1.055e-34;2.1;3.77e15;4.85e-6
_paper_141,PRIMITIVE_PLUS_LITERALS,2,43,1,0.013;0.035;0.273;0.507;1.262e-28;1.262e-8
_paper_142,ANCHORED_OR_DISCLOSED,0,39,1,0.457;0.4604;0.501;1.001;1.007;1.008
_paper_143,PRIMITIVE_PLUS_LITERALS,15,48,1,0.004979;0.036;0.0905;0.4;0.529e-10;0.6
_paper_144,PRIMITIVE_PLUS_LITERALS,4,26,1,1.2;1.5;1.8;14.0;14.07;1e-9
_paper_145,PRIMITIVE_PLUS_LITERALS,4,33,1,0.981;1.001e27;1.773e-9;1.9e12;2.001e26;2.1
_paper_146,ANCHORED_OR_DISCLOSED,0,18,1,10.0;19.9;1e-8;2.1;2.2;2.4e4
_paper_147,ANCHORED_OR_DISCLOSED,0,39,1,0.9;1.18;1.2;1.25;1.2e4;1.69
_paper_148,ANCHORED_OR_DISCLOSED,0,47,1,0.99;1.2e4;1.30e12;1.4e13;1.728e24;1.73e21
_paper_149,ANCHORED_OR_DISCLOSED,0,49,1,0.0034;0.999;1.14e14;1.14e23;1.23e10;1.496e11
_paper_150,ANCHORED_OR_DISCLOSED,0,44,1,0.005;1.001e27;1.0e24;1.728e8;19.9;1e-7
_paper_151,ANCHORED_OR_DISCLOSED,0,44,1,1.001;1.001e27;1.0e-7;1.33e-32;1.498e20;1.5e20
_paper_152,ANCHORED_OR_DISCLOSED,0,40,1,1.05e-60;1.308e-9;1.5e27;1.773e-9;1.8e-3;2.15e-42
_paper_153,ANCHORED_OR_DISCLOSED,0,40,1,0.08;0.9;1.5e27;13.8;13.83;1e15
_paper_154,PRIMITIVE_PLUS_LITERALS,11,32,1,15000;1e-14;1e-15;1e15;1e46;1e5
_paper_155,ANCHORED_OR_DISCLOSED,0,41,1,0.001;0.003;0.0397;1.05e13;1.21e-6;1.21e-7
_paper_156,PRIMITIVE_PLUS_LITERALS,4,39,1,0.297;0.30598;0.85;1.65e-11;1.736;1.736e9
_paper_157,PRIMITIVE_PLUS_LITERALS,6,46,1,0.01;0.6;0.603;1.1;1.588;1.588e51
_paper_158,PRIMITIVE_PLUS_LITERALS,1,40,1,0.97753;0.99321;0.9933;1.1e-16;1.256e100;1.257e156
_paper_159,PRIMITIVE_PLUS_LITERALS,7,21,1,0.06;1.496e11;1.87e55;1.9e5;1e58;2.3
_paper_160,PRIMITIVE_PLUS_LITERALS,1,32,1,0.004;0.05;0.15;0.43017;1.1;1.1e-52
_paper_161,ANCHORED_OR_DISCLOSED,0,30,1,0.99;1.67e-27;14.3;1811;1e-5;1e47
_paper_162,PRIMITIVE_PLUS_LITERALS,1,58,1,0.001;0.01;0.4;0.4e-4;0.5688;0.6
_paper_163,PRIMITIVE_PLUS_LITERALS,6,36,1,0.08;1.1e-52;1.29;12.655;12.66;1e11
_paper_164,ANCHORED_OR_DISCLOSED,0,40,1,0.02;0.99948;1.518e-20;1.5e-20;1.602e-6;1.602e-7
_paper_165,PRIMITIVE_PLUS_LITERALS,3,44,1,1.1101e7;1.1127e7;1.112e7;1.11e7;1.127e7;1.3
_paper_166,ANCHORED_OR_DISCLOSED,0,39,1,0.001;0.01;0.39;0.4;0.99;1.4
_paper_167,ANCHORED_OR_DISCLOSED,0,41,1,1.0546e-34;1.3e100;1.736;1.88e-27;1125;1350
_paper_168,PRIMITIVE_PLUS_LITERALS,2,17,1,1.62e-4;1.66e45;1.78e39;16.0;1e13;2.06e59
_paper_169,PRIMITIVE_PLUS_LITERALS,3,22,1,0.57;1.20e-3;1e-12;1e7;2.3;2.4
_paper_170,PRIMITIVE_PLUS_LITERALS,1,31,1,1.083e-4;1.758e-4;1.81e-8;11.86;16.11;164.8
_paper_171,PRIMITIVE_PLUS_LITERALS,2,30,1,0.01;0.4;0.61;0.99;1.2;1.4
_paper_172,PRIMITIVE_PLUS_LITERALS,4,28,1,0.06;0.6;1.112e7;1.127e7;1.655e45;1.773e-9
_paper_173,PRIMITIVE_PLUS_LITERALS,4,48,1,0.05;0.3315;1.0546e-34;1.1e-52;1.7829e39;1.782e39
_paper_174,PRIMITIVE_PLUS_LITERALS,3,49,1,1.445e-17;1.576e-35;1.773e-9;1.85e43;1e11;1e156
_paper_175,PRIMITIVE_PLUS_LITERALS,2,27,1,1.0000000812;12.07;125e9;1e-10;1e-19;1e-2
_paper_176,ANCHORED_OR_DISCLOSED,0,31,1,0.000212;0.7;0.99;1e-23;2.12;2.12e-13
_paper_177,PRIMITIVE_PLUS_LITERALS,2,25,1,0.01024;0.61;1.041;1.655e45;1.773e-9;1.77e-10
_paper_178,PRIMITIVE_PLUS_LITERALS,2,5,1,0.61;2.4;2152
_paper_179,ANCHORED_OR_DISCLOSED,0,23,1,1.736;2.4;2022;4.6;5.2e-11;7.3e-16
_paper_180,PRIMITIVE_PLUS_LITERALS,4,26,1,0.06;1.182e-33;1.269e-14;1.7727e-18;1.772e-9;1.773
_paper_181,ANCHORED_OR_DISCLOSED,0,12,1,0.57;1.3e-9;2.5;7.41e-10;7.4e-10
_paper_182,PRIMITIVE_PLUS_LITERALS,3,55,1,0.001;0.01;0.603;0.61;0.99;1.089e-52
_paper_183,ANCHORED_OR_DISCLOSED,0,40,1,0.99;1.4e8;1e-22;1e-23;1e-7;1e15
_paper_184,ANCHORED_OR_DISCLOSED,0,34,1,1.5;1.5e40;1745;1e15;1e4;2.5
_paper_185,PRIMITIVE_PLUS_LITERALS,1,12,1,1.26e-7;14.135;2.5;21.022;25.011;4.2
_paper_186,ANCHORED_OR_DISCLOSED,0,29,1,11.86;164.8;1e-4;1e11;1e12;2.03e22
_paper_187,PRIMITIVE_PLUS_LITERALS,7,29,1,0.0009;1.182e-33;1.182e-35;1.269e-14;1.5e9;1.843e21
_paper_188,ANCHORED_OR_DISCLOSED,0,21,1,0.1551;1.43;1.43e6;1430;15.51;2.5
_paper_189,ANCHORED_OR_DISCLOSED,0,4,1,0.61;2.5;2025
_paper_190,ANCHORED_OR_DISCLOSED,0,3,1,1e-6;2.5
_paper_191,ANCHORED_OR_DISCLOSED,0,3,1,0.61;2.5
_paper_192,ANCHORED_OR_DISCLOSED,0,4,1,2.5;8765
_paper_193,ANCHORED_OR_DISCLOSED,0,9,1,1.2566e-6;1e-7;2.5
_paper_194,ANCHORED_OR_DISCLOSED,0,3,1,0.61;2.5
_paper_195,ANCHORED_OR_DISCLOSED,0,13,1,1.81e-8;1.991e-7;1.994e-7;1e-15;2.5;365.25
_paper_196,PRIMITIVE_PLUS_LITERALS,1,25,1,0.0583;0.57;0.7;1.05e5;2.43e-40;2.5e8
_paper_197,ANCHORED_OR_DISCLOSED,0,10,1,1.05;1e-113;1e-30;1e208;1e211;2.6
_paper_198,ANCHORED_OR_DISCLOSED,0,21,1,0.088;0.1292;0.3737;0.531;0.69;1.0546e-34
_paper_199,ANCHORED_OR_DISCLOSED,0,16,1,0.41;0.57;1.0000000812;1.0546e-34;1e96;2.6
_paper_200,ANCHORED_OR_DISCLOSED,0,6,1,1.26e31;1.673e-27;2.6;6.652e-29
_paper_201,ANCHORED_OR_DISCLOSED,0,24,1,0.05;0.088;0.1292;0.3737;0.6;0.67
_paper_202,ANCHORED_OR_DISCLOSED,0,24,1,0.050;0.054;0.247;0.965;1100;1e-113
_paper_203,ANCHORED_OR_DISCLOSED,0,23,1,0.0042;0.036;0.05;0.46;0.55;0.76
_paper_204,ANCHORED_OR_DISCLOSED,0,13,1,1.25;1.5;1019;2.6;2e15;3.04
_paper_205,ANCHORED_OR_DISCLOSED,0,9,1,0.31;2.6;3.1;34459425;7.9e12;8.92
_paper_206,ANCHORED_OR_DISCLOSED,0,19,1,1.5;1.6;1e-8;2.6;2008;2018
_paper_207,ANCHORED_OR_DISCLOSED,0,22,1,0.693;0.6931;1.386;1.945;1e-45;2.6
_paper_208,PRIMITIVE_PLUS_LITERALS,4,41,1,0.004997;0.01;0.301;0.5655;0.57;0.81
_paper_209,PRIMITIVE_PLUS_LITERALS,6,52,1,0.001;0.003;0.02;0.05;0.333;0.57
_paper_210,PRIMITIVE_PLUS_LITERALS,8,44,1,0.603;0.61;1.083e-10;1.134e-10;1.2;1.2e-10
_paper_211,PRIMITIVE_PLUS_LITERALS,2,46,1,0.12;0.12e4;0.855;0.86;1.894;1.90
_paper_212,PRIMITIVE_PLUS_LITERALS,2,59,1,0.004997;0.06;1.209e-21;1.736;1.894;100.0
_paper_213,PRIMITIVE_PLUS_LITERALS,2,48,1,0.001;0.002;0.00215;0.762;0.832;1.055e-15
_paper_214,PRIMITIVE_PLUS_LITERALS,2,40,1,0.13;0.68;0.72;0.80;0.85;0.91
_paper_215,PRIMITIVE_PLUS_LITERALS,6,49,1,0.03;0.7;1.03;1.1;1.894;1e-12
_paper_216,PRIMITIVE_PLUS_LITERALS,10,48,1,0.001;0.03;0.0432;0.208;0.9455;0.9978
_paper_217,PRIMITIVE_PLUS_LITERALS,2,40,1,0.566;0.57;0.95;0.962;1.46e-73;2.11e208
_paper_218,ANCHORED_OR_DISCLOSED,0,51,1,0.15;0.85;0.9999977;1.6e4;1792;1e-8
_paper_219,ANCHORED_OR_DISCLOSED,0,42,1,0.08;1.08;1.37e-12;1.5e31;1101;2.1
_paper_220,ANCHORED_OR_DISCLOSED,0,61,1,1.36e-10;1.5e6;1054;1500;1745;1e15
_paper_221,ANCHORED_OR_DISCLOSED,0,45,1,0.05;0.28;0.84;1.05;1.23e-52;1.24e-12
_paper_221b,PRIMITIVE_PLUS_LITERALS,1,1,0,7635
_paper_221c,PRIMITIVE_PLUS_LITERALS,1,1,0,7635
_paper_222,ANCHORED_OR_DISCLOSED,0,23,1,0.036;1.10e-10;1.182e16;1e4;2.20;2.387e32
_paper_223,ANCHORED_OR_DISCLOSED,0,36,1,1.08e40;1.40e-13;1275;1970;1e35;1e4
_paper_224,ANCHORED_OR_DISCLOSED,0,41,1,0.000625;0.06;1.08e8;1.426e12;1.8;10.44
_paper_225,PRIMITIVE_PLUS_LITERALS,1,42,1,0.003;0.01;0.02;0.05;0.09;0.15
_paper_226,ANCHORED_OR_DISCLOSED,0,43,1,0.104;0501;1.4;1.8e-4;10.4;1000.0
_paper_227,ANCHORED_OR_DISCLOSED,0,33,1,10000;10000.0;1792;1e-20;1e-21;2.25
_paper_228,ANCHORED_OR_DISCLOSED,0,37,1,0.4;100000;100000.0;1e-12;1e-20;1e-21
_paper_229,ANCHORED_OR_DISCLOSED,0,24,1,0.0905;0.9095;10000;2.27;4.73e16;5.36e-24
_paper_230,PRIMITIVE_PLUS_LITERALS,2,37,1,0.0162;0.7;1.0074;1.335e5;1.34e6;1.4
_paper_231,PRIMITIVE_PLUS_LITERALS,2,43,1,0.0303;0.05;0.7;1.1;1.202e-17;1.3e11
_paper_232,ANCHORED_OR_DISCLOSED,0,35,1,0.0095;10.0;1792;1e-12;1e-21;1e-9
_paper_233,ANCHORED_OR_DISCLOSED,0,51,1,0.045;0.05;0.09;0.92;0.99955;1.4
_paper_234,ANCHORED_OR_DISCLOSED,0,44,1,0.00216;0.01;0.22;0.9;1.01;1.27e10
_paper_235,PRIMITIVE_PLUS_LITERALS,2,37,1,0.0105;0.0472;0.05;0.75;1.1;1e-10
_paper_236,ANCHORED_OR_DISCLOSED,0,20,1,0.8;1.2;1.54e22;100.0;1e-20;2.18e-18
_paper_237,PRIMITIVE_PLUS_LITERALS,1,24,1,1.148e30;1.252e46;1.99e-7;1e14;2.11e208;2.35
_paper_238,ANCHORED_OR_DISCLOSED,0,26,1,0.603;1.23e45;1.894;1.99e15;1e-9;1e18
_paper_239,ANCHORED_OR_DISCLOSED,0,49,1,0.603;0.74;1.0e10;1.2e12;1.3;1.38e-23
_paper_240,ANCHORED_OR_DISCLOSED,0,54,1,0.603;1.055e-34;1.0e10;1.11e-34;1.252e46;1.3
_paper_241,ANCHORED_OR_DISCLOSED,0,42,1,0.21;0.61;0911;1.03;1.12;1.18
_paper_242,PRIMITIVE_PLUS_LITERALS,2,44,1,0.032;0.16;0.603;0.67;0.7;1.00032
_paper_243,PRIMITIVE_PLUS_LITERALS,2,34,1,0.603;0.6065;0.607;1.607;1.894;1e-20
_paper_244,ANCHORED_OR_DISCLOSED,0,40,1,0.603;1.0546e-34;1.443e-17;1.44e-17;1.452e-17;1.45e-17
_paper_245,ANCHORED_OR_DISCLOSED,0,26,1,0.603;1.17;1.2;1.894;1e-20;1e-26
_paper_246,ANCHORED_OR_DISCLOSED,0,23,1,0.455;0.603;1.894;13.8;2.44;2.455
_paper_247,PRIMITIVE_PLUS_LITERALS,2,26,1,0.01;0.0368;0.037;0.603;0.693;1.1
_paper_248,ANCHORED_OR_DISCLOSED,0,46,1,0.603;1.0546e-34;1.252e46;1.76;1.76e5;1.76e8
_paper_249,ANCHORED_OR_DISCLOSED,0,22,1,0.61;1.3e8;1.894;10000;2.47;3.35
_paper_250,ANCHORED_OR_DISCLOSED,0,71,1,0.603;1.0546e-34;1.25;1.25e12;1.76;1.76e18
_paper_251,ANCHORED_OR_DISCLOSED,0,65,1,0.603;1.0546e-34;1.25e12;1.76;1.76e18;1.76e19
_paper_252,ANCHORED_OR_DISCLOSED,0,54,1,0.61;1.25e12;1.894;1006;1885;1e-10
_paper_253,ANCHORED_OR_DISCLOSED,0,82,1,0.603;1.0546e-34;1.25e12;1.76e21;1.76e6;1.894
_paper_254,ANCHORED_OR_DISCLOSED,0,68,1,0.11;0.61;1.25e12;1.325e10;1.8;1.894
_paper_255,ANCHORED_OR_DISCLOSED,0,51,1,0.603;0451;1.0546e-34;1.4;1.76e31;1.83e71
_paper_256,ANCHORED_OR_DISCLOSED,0,83,1,0.603;1.0546e-34;1.25e12;1.395e-11;1.4;1.76
_paper_257,ANCHORED_OR_DISCLOSED,0,73,1,0.61;1.041e10;1.25e12;1.4;1.83e71;1.86e12
_paper_258,ANCHORED_OR_DISCLOSED,0,53,1,0.01;0.603;1.157e-5;1.15e131;1.15e61;1.83e71
_paper_259,PRIMITIVE_PLUS_LITERALS,4,38,1,0.61;1.2e15;1.893e21;1.894;1.989e41;1275
_paper_260,PRIMITIVE_PLUS_LITERALS,2,32,1,0.0632;0.61;0.9;1.894;1.989e33;1375
_paper_261,PRIMITIVE_PLUS_LITERALS,2,52,1,0.61;0.632;1.894;2.16e20;2.59;2003
_paper_262,PRIMITIVE_PLUS_LITERALS,2,62,1,0.61;0.9;1.2;1.2e-10;1.2e-6;1.2e15
_paper_263,ANCHORED_OR_DISCLOSED,0,9,1,1.894;1275;2.61;2525;3603
_paper_264,PRIMITIVE_PLUS_LITERALS,4,25,1,1.1;1.23e27;1.894;1e-9;1e12;2.62
_paper_265,PRIMITIVE_PLUS_LITERALS,2,29,1,0.0025;0.0068;0.0184;0.05;1.1;1.1025
_paper_266,ANCHORED_OR_DISCLOSED,0,38,1,0.997;0.999;1.1;1.15e-2;1.86e-12;1.894
_paper_267,PRIMITIVE_PLUS_LITERALS,2,50,1,0.61;1.16e-21;1.393e44;1.894;10.0;100e6
_paper_268,ANCHORED_OR_DISCLOSED,0,43,1,0.455;1.44e-17;1.894;13.8;13.8e9;1792
_paper_269,ANCHORED_OR_DISCLOSED,0,40,1,1.73e24;1.894;1792;1e-21;1e10;2.32e-12
_paper_270,ANCHORED_OR_DISCLOSED,0,56,1,0.76;1.0546e-34;1.1e57;1.1e65;1.252e46;1.43e59
_paper_271,ANCHORED_OR_DISCLOSED,0,42,1,0.74;1.2;1.25;1.25e12;1.2e12;1.38e-23
_paper_272,ANCHORED_OR_DISCLOSED,0,19,1,1.089e-52;1.19e-25;1.894;1e-26;2.387e32;2.70
_paper_273,ANCHORED_OR_DISCLOSED,0,41,1,0.001;0.001001;0.01;0.9;0.909;0.999
_paper_274,ANCHORED_OR_DISCLOSED,0,44,1,0.04;0.368;1.223e25;1.42040575;1.42040575e9;1.894
_paper_275,ANCHORED_OR_DISCLOSED,0,51,1,0.10;0.4642;0.50;0.7937;0.8;0.80
_paper_276,PRIMITIVE_PLUS_LITERALS,2,62,1,0.001;0.15;0.7;0.80;0.987;0.9985
_paper_277,ANCHORED_OR_DISCLOSED,0,18,1,0.001;0.0063;0.626;0.99374;1.238e-8;100.0
_paper_278,ANCHORED_OR_DISCLOSED,0,33,1,0.001;0.15;1.327e31;1.650e-14;1.651e-14;1.989e41
_paper_279,ANCHORED_OR_DISCLOSED,0,31,1,0.01;0.019;1.1e-3;1.238e-8;1.4e-4;1.92e-4
_paper_280,ANCHORED_OR_DISCLOSED,0,28,1,1.07e-2;1.43e12;1.496e11;1.898e27;10.44;1e-10
_paper_281,ANCHORED_OR_DISCLOSED,0,11,1,0.02;1.2e8;1.481e-4;1.5e19;10.44;11.78
_paper_282,UNTRACED_CORE,0,14,0,1.668e-6;10.44;11.15;150.0;2.80;2.904e-11
_paper_283,PRIMITIVE_PLUS_LITERALS,2,27,1,0.3222;1.3222;1.420e17;1.61e-5;100.0;1000.0
_paper_284,UNTRACED_CORE,0,29,0,0.2433;1.454e-12;100.0;1013.3;2.639e-11;2.82
_paper_285,UNTRACED_CORE,0,24,0,0.6931;1.454e-12;1.578e14;100.0;2.079;2.83
_paper_286,PRIMITIVE_PLUS_LITERALS,2,28,1,0.0015;0.7;1.454e-12;1.578e14;1000.0;2.270e-18
_paper_287,PRIMITIVE_PLUS_LITERALS,2,21,0,1.182e-10;10.0;1e12;1e21;2.85;2e-3
_paper_288,UNTRACED_CORE,0,30,0,0.2277;1.592e14;100.0;13.8;1e-10;1e15
_paper_289,PRIMITIVE_PLUS_LITERALS,6,29,1,1.1;1.411e16;1.488e-18;10.0;1e11;1e12
_paper_290,ANCHORED_OR_DISCLOSED,0,32,1,1.5e6;10.0;1054;1e12;1e21;2.521e-56
_paper_291,UNTRACED_CORE,0,28,0,1.269e-14;1.373e-8;1.445e-17;1.596e-75;1.726e-72;1.817e-81
_paper_292,UNTRACED_CORE,0,28,0,1.812e-19;1.812e-9;11385;1812;1e-10;1e12
_paper_293,ANCHORED_OR_DISCLOSED,0,16,1,1.181e-6;1.490e-17;1.666e21;128.4;1e11;2.479e4
_paper_294,PRIMITIVE_PLUS_LITERALS,2,19,0,0.143;0.9;0.9001;128.4;2.92;3.543e-15
_paper_295,ANCHORED_OR_DISCLOSED,0,21,1,1.0e11;1.411e15;1e11;1e12;2.479e4;2.479e6
_paper_296,PRIMITIVE_PLUS_LITERALS,4,22,1,0.313;1.0e54;1.1e-52;1.45e-9;13.8;2.269e-18
_paper_297,PRIMITIVE_PLUS_LITERALS,2,23,1,1.322e26;1.988;1000.0;13.8;2.269e-18;2.95
_paper_298,ANCHORED_OR_DISCLOSED,0,19,1,0.297;1.0e54;1.483e27;1.743e-9;2.96;3.371
_paper_299,ANCHORED_OR_DISCLOSED,0,17,1,1.0e-4;1.6022e-19;1.6726e-27;2.1877e6;2.97;3.848e13
_paper_300,ANCHORED_OR_DISCLOSED,0,23,1,0.2277;1.0e-10;1.216e-7;1.549e16;121.6;13.8
_paper_301,ANCHORED_OR_DISCLOSED,0,23,1,1.6726e-27;2.131e43;2.484e-54;2.81e-60;2.99;3.986e-17
_paper_302,ANCHORED_OR_DISCLOSED,0,16,1,1.0e10;2.126e-27;3.00;3.155e33;4.704e36;4.895e10
_paper_303,PRIMITIVE_PLUS_LITERALS,6,20,1,1.000;1.0e15;1e15;2.1877e6;3.01;4.895e10
_paper_304,ANCHORED_OR_DISCLOSED,0,19,1,1.0e15;1.6726e-27;1.852e24;3.02;3.986e-17;4.17e-17
_paper_305,ANCHORED_OR_DISCLOSED,0,26,1,1.0e4;1.0e6;1.25;1.553e-24;10.0;11.0
_paper_306,ANCHORED_OR_DISCLOSED,0,19,1,1.0e-20;1.53e18;1.989e34;1e4;3.04;4.91e-12
_paper_307,ANCHORED_OR_DISCLOSED,0,20,1,1.0e-5;1.0e5;1.6726e-27;1.96e19;12.77;3.05
_paper_308,ANCHORED_OR_DISCLOSED,0,29,1,0.01;10.0e9;1e11;2.046;2.366e-18;2.741
_paper_309,ANCHORED_OR_DISCLOSED,0,49,1,0.0252;0.0831;0.7;1.0e-21;1.0e36;1.3086
_paper_310,ANCHORED_OR_DISCLOSED,0,33,1,0.15;0.85;1.197e5;1.316e-11;1.549e-11;1.671
_paper_311,ANCHORED_OR_DISCLOSED,0,24,1,1.057e-6;1.0e5;2.114e-6;2.806e4;2.967e-12;2000
_paper_312,ANCHORED_OR_DISCLOSED,0,25,1,1.0e-20;1.913e20;1.914e30;2.114e-6;2.684e14;2.967e-12
_paper_313,ANCHORED_OR_DISCLOSED,0,23,1,1.0e-10;1.0e-20;1.0e-5;1.0e5;2.513e-6;3.11
_paper_314,ANCHORED_OR_DISCLOSED,0,27,1,1.0e12;1.0e20;1.199e49;1.267e5;1.267e50;1.42e16
_paper_315,PRIMITIVE_PLUS_LITERALS,4,29,1,0.179;1.0e12;1.199e49;1.5e6;1000.0;2.232e-21
_paper_316,PRIMITIVE_PLUS_LITERALS,3,24,1,1.0e12;1.411e15;1.411e16;1.747e-9;1e12;2.232e-21
_paper_317,ANCHORED_OR_DISCLOSED,0,27,1,1.085e-9;1.0e-20;1.18e17;1.907e-11;12.5;1976
_paper_318,ANCHORED_OR_DISCLOSED,0,20,1,1.0e-20;1.18e17;1.461e-12;1.461e8;1.748e35;1.907e-11
_paper_319,ANCHORED_OR_DISCLOSED,0,23,1,1.085e-9;1.0e-5;1.0e6;1.907e-11;2.654;2.878e-9
_paper_320,ANCHORED_OR_DISCLOSED,0,33,1,1.500e-10;1.500e25;1e18;1e20;1e24;1e35
_paper_321,PRIMITIVE_PLUS_LITERALS,1,12,1,0.143;1e10;1e7;3.19;4.189e-31;4.189e80
_paper_322,PRIMITIVE_PLUS_LITERALS,1,18,1,1.0e11;1.0e4;3.142e34;3.142e35;3.20;3.333e6
_paper_323,PRIMITIVE_PLUS_LITERALS,4,16,1,1.576e-35;2.01e27;3.15576e7;3.21;4.20e-77;5.253e-43
_paper_324,PRIMITIVE_PLUS_LITERALS,1,31,1,0.143;0.92;1.0e12;1.0e19;1.13e-3;1.29e-2
_paper_325,PRIMITIVE_PLUS_LITERALS,4,11,1,1.0e-21;1.269e-14;1.269e-35;1e-21;3.23;3.333e-8
_paper_326,PRIMITIVE_PLUS_LITERALS,12,11,1,0.507;0.5655;0.57;0.602;3.24
_paper_327,PRIMITIVE_PLUS_LITERALS,3,73,1,0.05;0.507;0.5655;0.57;0.602;0.640
_paper_328,PRIMITIVE_PLUS_LITERALS,8,49,1,0.00387;0.061;0.138;0.1593;0.48;0.58
_phi56,UNTRACED_CORE,0,2,0,5.0;6.0
_ps202,ANCHORED_OR_DISCLOSED,0,1,1,0.6
a5_kmex_125,PRIMITIVE_PLUS_LITERALS,7,2,1,12.0;25.0
a5_kmex_125_1209,PRIMITIVE_PLUS_LITERALS,7,1,0,125.1667
a_aether_bohr,ANCHORED_OR_DISCLOSED,0,8,1,1.047;1.054571817e-34;1.77e24;1.852e24;1e15;4.17e-17
a_aether_freq_11th,UNTRACED_CORE,0,5,0,1.1e-52;1.576e-35;2.0e27;5.253e-43
a_bb_catchup_608,ANCHORED_OR_DISCLOSED,0,5,1,1.8e31;1e-12;1e-9;5e-4;9e6
a_bounce_658,PRIMITIVE_PLUS_LITERALS,2,2,0,5.39e-44;700.0
a_burst_decay,UNTRACED_CORE,0,4,0,1000.0;1e28;2.785e30;2e4
a_dpm_plasmotic,ANCHORED_OR_DISCLOSED,0,4,1,1e12;3.545e-18;4.189e12;6.284e26
a_dust_763,UNTRACED_CORE,0,3,0,1e-12;4e-1
a_e_g2_652,ANCHORED_OR_DISCLOSED,0,3,1,0.001159652;0.328
a_em_ring_789,PRIMITIVE_PLUS_LITERALS,1,9,1,1.602176634e-19;1.67262192369e-27;1e-12;2.130;2.635;2026
a_fil_703,UNTRACED_CORE,0,4,0,1.25663706212e-06;1e-12;2.840e-9
a_fil_796,ANCHORED_OR_DISCLOSED,0,3,1,1.25663706212e-06;2.47e-26;2026
a_fluid_freq_bare,ANCHORED_OR_DISCLOSED,0,1,1,4.105e29
a_fluid_rho_coupling,ANCHORED_OR_DISCLOSED,0,1,1,1.269e-34
a_gw_backreaction,PRIMITIVE_PLUS_LITERALS,1,2,0,0501;4516
a_jet_712,ANCHORED_OR_DISCLOSED,0,1,1,1e-15
a_mag_bubble_813,UNTRACED_CORE,0,1,0,6.287e-14
a_min_lqg_1127,ANCHORED_OR_DISCLOSED,0,7,1,0.1424;0.2375;1.0545718e-34;1.350e-69;1.4531e26;8.1e-70
a_mode_cascade_generic,ANCHORED_OR_DISCLOSED,0,6,1,1.269e-14;1.373e-8;1.445e-17;2.19;2.31;2.49
a_p_prime_1108,PRIMITIVE_PLUS_LITERALS,1,1,0,1073
a_rad_herschel,UNTRACED_CORE,0,5,0,1.53e18;1e-20;5.2e17;7.51e6;7.65e31
a_res_amplitude,UNTRACED_CORE,0,3,0,1.06e-15;1e15;9.274e-24
a_sc_cooper_amplification,PRIMITIVE_PLUS_LITERALS,2,5,1,1.054571817e-34;1.411e16;1e12;6.996e20;6.996e21
a_sc_fdpm_squared,PRIMITIVE_PLUS_LITERALS,1,11,1,1.054571817e-34;1.411e16;1e11;1e12;2.479e4;2.479e6
a_scale_586,UNTRACED_CORE,0,1,0,700.0
a_scm_lqg_1100,PRIMITIVE_PLUS_LITERALS,2,4,1,1.616e-35;1100;2026;8.0
a_tau_sm_633,ANCHORED_OR_DISCLOSED,0,2,1,1.17721e-3
a_ubi_786,UNTRACED_CORE,0,1,0,1.67262192369e-27
a_v_spinfoam_1103,UNTRACED_CORE,0,1,0,0.2375
a_vac_diff_harmonic,UNTRACED_CORE,0,6,0,0.143;0.9;1.054571817e-34;4.189e18
a_wind_702,UNTRACED_CORE,0,1,0,2.5e-7
a_wind_ejection_growth,ANCHORED_OR_DISCLOSED,0,6,1,1.057e-6;2.114e-6;28.47;5.424e-10;6302;7.127e5
a_wind_ram_ratio,ANCHORED_OR_DISCLOSED,0,6,1,1e-12;1e-20;1e-21;2e6;4e3;4e4
aaether_freq_term,UNTRACED_CORE,0,3,0,1.445e-17;1.576e-35
aaether_res_term,UNTRACED_CORE,0,2,0,1e10;1e12
abc_radical_bound_1244,PRIMITIVE_PLUS_LITERALS,2,1,0,4.033e26
aether_ion_concentration,UNTRACED_CORE,0,1,0,0.01
aether_res_dm_form,UNTRACED_CORE,0,1,0,1e12
aexp_freq_term,ANCHORED_OR_DISCLOSED,0,2,1,1.623e-57;2.270e-18
afluid_freq_term,ANCHORED_OR_DISCLOSED,0,3,1,1.6e19;1.773e-9;1e12
afluid_norm_implied,ANCHORED_OR_DISCLOSED,0,5,1,1.11e-28;1.269e-14;1.773e-9;1e12;4.189e12
agn_decay_factor,UNTRACED_CORE,0,6,0,1.099;3.5;3.85;5.0e-4;5e-4;86400.0
agn_feedback_scm,UNTRACED_CORE,0,7,0,0.99;1.099;10.0;3.5;3.85
agn_jet_feedback_force,UNTRACED_CORE,0,1,0,1275
agn_ug4_concentration,PRIMITIVE_PLUS_LITERALS,1,2,0,0.05;1.0e15
alfven_velocity_si,UNTRACED_CORE,0,3,0,1e-20;1e-5;8.921e7
alice_multiplicity_uqff,UNTRACED_CORE,0,8,0,0.0674;0.156;14887.0;380.0;5.28
alpha_bec_prob,UNTRACED_CORE,0,5,0,0.10;0.85;8.0
alpha_binding_energy,UNTRACED_CORE,0,3,0,0.012;28.30
alpha_fine_590,UNTRACED_CORE,0,1,0,2026
alpha_from_phi_res_1159,UNTRACED_CORE,0,5,0,0.65;130.0;137.036;7.2974e-3;7.3456e-3
alpha_impedance_route_652,ANCHORED_OR_DISCLOSED,0,3,1,25812.80745;376.730313668;7.29735e-3
alpha_inverse_1209dd,PRIMITIVE_PLUS_LITERALS,12,3,1,0.0029;137.036;137.040
alpha_recoil_route_652,ANCHORED_OR_DISCLOSED,0,4,1,10973731.568;6.62607015e-34;7.2974e-3;9.1093837015e-31
alpha_s_kernel,PRIMITIVE_PLUS_LITERALS,4,5,0,0.014;0.1187;0.11875;12.0;25.0
alpha_s_running,UNTRACED_CORE,0,1,0,6.0
alpha_s_running_1004,ANCHORED_OR_DISCLOSED,0,3,1,1008;11.0;12.0
alpha_salpeter_imf,PRIMITIVE_PLUS_LITERALS,4,3,1,0.14;2.35;2.3533
alpha_uqff_591,PRIMITIVE_PLUS_LITERALS,4,3,1,0.14;7.287e-3;7.297e-3
aluminum_density,UNTRACED_CORE,0,2,0,2700;2700.0
anisotropy_cross_section,UNTRACED_CORE,0,2,0,0.00387;15.28
aquantum_freq_term,UNTRACED_CORE,0,2,0,1.445e-17
archimedes_effective_density,UNTRACED_CORE,0,1,0,0.99
arrow_of_time_asymmetry,PRIMITIVE_PLUS_LITERALS,7,2,0,0.06029;0.2083
asuper_freq_term,UNTRACED_CORE,0,3,0,1e-8;6.287e-19
asuper_pn_confirm,UNTRACED_CORE,0,6,0,1.747e-9;1e12;2.497e-31;6.994e21
atomic_mass_emergence,UNTRACED_CORE,0,2,0,10.0;63.2
atomic_resonance_amplitude,ANCHORED_OR_DISCLOSED,0,3,1,0.4604;1.008
atomic_resonance_frequency,UNTRACED_CORE,0,2,0,1.008;6.62607015e-34
avac_diff_term,UNTRACED_CORE,0,5,0,0.9;6.381e-36
avac_diff_v2_form,UNTRACED_CORE,0,2,0,0.9;3.545e-53
avalanche_power_law,ANCHORED_OR_DISCLOSED,0,4,1,1.5;1.6
axiom_ratio_983,PRIMITIVE_PLUS_LITERALS,2,3,0,1.536;13.5
b0_qcd,UNTRACED_CORE,0,3,0,11.0;12.0;6.0
b_classical_olbers,ANCHORED_OR_DISCLOSED,0,5,1,1.449e21;1.49e20;3.24e-23;3.828e26;4.4e26
b_cmb_569,ANCHORED_OR_DISCLOSED,0,5,1,2.725;3.13e-6;4.0e-6;5.67e-8;9.96e-7
b_critical_schwinger,PRIMITIVE_PLUS_LITERALS,9,1,1,4.4e13
b_decay_753,ANCHORED_OR_DISCLOSED,0,4,1,1.25;1e10;2.865e9;5000
b_dpm_calibrated_572,UNTRACED_CORE,0,3,0,2.5e-3;3.2e-2
b_hse_999,UNTRACED_CORE,0,3,0,0.17;0.20
b_impact_1031,PRIMITIVE_PLUS_LITERALS,2,1,1,1025
b_j_dipole_725,UNTRACED_CORE,0,1,0,1.25663706212e-06
b_max_820,UNTRACED_CORE,0,1,0,1e15
b_pseudo_701,UNTRACED_CORE,0,1,0,1.25663706212e-06
b_shell_cal_572,ANCHORED_OR_DISCLOSED,0,1,1,3.1e-6
b_sky_uqff_stated_564,UNTRACED_CORE,0,3,0,2.1e-22;3.2e-2
b_sky_vds_bound,PRIMITIVE_PLUS_LITERALS,1,4,1,0.507;0.57
b_sun_quiet_field,PRIMITIVE_PLUS_LITERALS,3,1,1,1e-4
b_super_716,ANCHORED_OR_DISCLOSED,0,2,1,1.25663706212e-06;1.257
b_total_tneg_571,PRIMITIVE_PLUS_LITERALS,1,1,0,2.2685e-18
backbone_coverage_stated,UNTRACED_CORE,0,6,0,0.12e4;6.33e4;89.5
bao_scale,UNTRACED_CORE,0,3,0,0.033040;2018
baryon_asymmetry,UNTRACED_CORE,0,2,0,1.0e-4;1.0e-6
baryon_photon_eta,UNTRACED_CORE,0,2,0,6e-10
basel_lenr_energy,UNTRACED_CORE,0,5,0,1.64493;2000;26.9;4.31e-12
bb_full_586,PRIMITIVE_PLUS_LITERALS,2,1,0,700.0
bb_init_586,UNTRACED_CORE,0,1,0,700.0
bbdt_core,UNTRACED_CORE,0,1,0,700.0
bbdt_hubble_603,UNTRACED_CORE,0,1,0,2.2685e-18
bbh_energy_retention,PRIMITIVE_PLUS_LITERALS,2,1,1,0.81
bcs_gap_949,PRIMITIVE_PLUS_LITERALS,2,4,1,1.0545718e-34;1.380649e-23
bd2522_stellar_triple,PRIMITIVE_PLUS_LITERALS,9,1,1,2522
be_per_nucleon,UNTRACED_CORE,0,1,0,8.79
bec_critical_temp_nuclear,UNTRACED_CORE,0,3,0,1.054571817e-34;1.380649e-23;6.6447e-27
bec_order_parameter,PRIMITIVE_PLUS_LITERALS,1,1,0,0.57
bec_tc_shift,UNTRACED_CORE,0,1,0,1.380649e-23
bec_tc_shift_phi,PRIMITIVE_PLUS_LITERALS,1,1,0,0.57
bell_classical_bound,UNTRACED_CORE,0,1,0,2.75
bell_spaceship_stretch,PRIMITIVE_PLUS_LITERALS,3,1,0,0.01788
belly_button_resonance,UNTRACED_CORE,0,2,0,1e-8;300.0
beta_i_of,PRIMITIVE_PLUS_LITERALS,1,2,0,20.0;5.0
beta_i_triangular_1165,PRIMITIVE_PLUS_LITERALS,2,4,1,0.6;20.0;5.0
beta_model_density,UNTRACED_CORE,0,1,0,1.5
beta_t_cycle,UNTRACED_CORE,0,1,0,26.0
betti_number_bound,UNTRACED_CORE,0,1,0,4.0329e26
bh26_freq_598,UNTRACED_CORE,0,1,0,92e9
bh_entropy_coefficient,PRIMITIVE_PLUS_LITERALS,6,2,0,12.5;3.125
bh_four_laws_prefactor_1234,PRIMITIVE_PLUS_LITERALS,4,1,1,3.125
bh_lifetime_uqff,PRIMITIVE_PLUS_LITERALS,3,4,0,1.054571817e-34;1.380649e-23;5120;5120.0
bh_mass_loss_rate,PRIMITIVE_PLUS_LITERALS,1,3,0,1.054571817e-34;15360;15360.0
bh_seed_mass_1326,PRIMITIVE_PLUS_LITERALS,5,1,1,56160
bh_seed_mass_integer,PRIMITIVE_PLUS_LITERALS,8,1,1,56160
big_bang_shell,UNTRACED_CORE,0,1,0,700.0
bigbang_mass_growth,UNTRACED_CORE,0,2,0,1e53;4.35e17
bigbang_qg_term,PRIMITIVE_PLUS_LITERALS,1,3,0,1.054571817e-34;1.616e-35;5.391e-44
blandford_znajek_power,PRIMITIVE_PLUS_LITERALS,1,1,0,0.053
blazar_luminosity_function,UNTRACED_CORE,0,4,0,1.7;3.5
bohr_uqff_808,ANCHORED_OR_DISCLOSED,0,4,1,13.6;1e-38;5.292e-11;6.242e18
boltzmann_k_composition,PRIMITIVE_PLUS_LITERALS,6,6,1,1.0e-23;1.380649e-23;1.3806e-23;1e-23;5.0;6.0
br_ftrz_1181,PRIMITIVE_PLUS_LITERALS,6,3,0,0.01;0.0114;0.57
br_higgs_invisible,PRIMITIVE_PLUS_LITERALS,2,2,0,0.0657;0.107
br_koto_rare_kaon,PRIMITIVE_PLUS_LITERALS,5,1,0,1.262e-11
br_mu_to_e_gamma,PRIMITIVE_PLUS_LITERALS,2,2,0,1.268e-13;4.2e-13
br_non_beta_2157,PRIMITIVE_PLUS_LITERALS,6,3,1,1.121;1.140;1.69
braking_index_uqff,UNTRACED_CORE,0,2,0,0.375;1.5
bsd_rank_ordinal,UNTRACED_CORE,0,3,0,0.005;0.30598;1.0e-9
bsm_energy_threshold,PRIMITIVE_PLUS_LITERALS,1,1,0,80.4
bsm_forces_837_stated,UNTRACED_CORE,0,4,0,1.54e7;1e4
bsm_fraction,PRIMITIVE_PLUS_LITERALS,1,2,0,0.05;141.0
bubble_expansion_ratio,UNTRACED_CORE,0,2,0,0.05;7635
bubble_nebula_mass,PRIMITIVE_PLUS_LITERALS,7,2,1,1200;2.387e33
bubble_positive_et,PRIMITIVE_PLUS_LITERALS,2,1,0,0.05
bubble_radius_resonant,UNTRACED_CORE,0,1,0,3.3
bubble_weaver_radius,UNTRACED_CORE,0,1,0,0.6
buoyancy_efficiency_ratio,UNTRACED_CORE,0,1,0,1150
buoyancy_harmonic_ug2_26,PRIMITIVE_PLUS_LITERALS,1,1,0,26.0
buoyancy_merger_velocity,ANCHORED_OR_DISCLOSED,0,1,1,0.87
buoyancy_odd_series,ANCHORED_OR_DISCLOSED,0,3,1,0.01057;0.8887;700.0
buoyancy_sum_3term,PRIMITIVE_PLUS_LITERALS,1,2,0,1275;1e-4
buoyant_gravity_s116,UNTRACED_CORE,0,1,0,26.0
burst_ssq_modulation,PRIMITIVE_PLUS_LITERALS,1,1,0,26.0
bz_power_eht,PRIMITIVE_PLUS_LITERALS,1,4,0,0.044;16.0;1e42
bz_power_original,PRIMITIVE_PLUS_LITERALS,1,1,0,32.0
c13_ratio_pred,UNTRACED_CORE,0,2,0,0.01
c26_bound_575,PRIMITIVE_PLUS_LITERALS,1,1,0,2.48e-27
c26_c22_ratio,PRIMITIVE_PLUS_LITERALS,2,4,1,1.37e-3;1.8e-3;22.0;26.0
c_bcs_uqff_986,UNTRACED_CORE,0,1,0,1.764
c_dpm_route_592,PRIMITIVE_PLUS_LITERALS,2,6,1,1.73e12;1e-5;1e5;2.18e6;4.13e16;5.29e-11
c_ell_scm_1092,ANCHORED_OR_DISCLOSED,0,8,1,0.14;0.6;0.9649;1.4e4;1e-4;2.1e-9
c_num_bsfg,ANCHORED_OR_DISCLOSED,0,3,1,1.60e46;3.828e26;4.27e46
c_scm_qubit_1098,PRIMITIVE_PLUS_LITERALS,3,3,0,1.618;5.52
c_sr_calibration,UNTRACED_CORE,0,1,0,0.0796
c_vir_halo_concentration,PRIMITIVE_PLUS_LITERALS,3,1,1,9.95
cabibbo_angle,UNTRACED_CORE,0,1,0,0.2277
cabibbo_dcs_ratio,UNTRACED_CORE,0,2,0,0.231;2.84e-3
caduceus_twin_pairs_1242,PRIMITIVE_PLUS_LITERALS,2,1,0,13.0
carina_erosion_ratio,ANCHORED_OR_DISCLOSED,0,1,1,12.5
casimir_ladder_1152,ANCHORED_OR_DISCLOSED,0,3,1,1.0545718e-34;1760;25.0
cc_orders_gap,UNTRACED_CORE,0,2,0,122.9;4.633e113
ccw_cw_differential,UNTRACED_CORE,0,3,0,2.5e-6;2.9e-6;4e-7
chain_base_energy,PRIMITIVE_PLUS_LITERALS,5,1,1,1e-20
champagne_flow_check,UNTRACED_CORE,0,1,0,7.664e18
chemistry_octet,PRIMITIVE_PLUS_LITERALS,1,2,1,1524;1892
chi2_falsifier_1177,UNTRACED_CORE,0,1,0,1179
chi_agn_807,ANCHORED_OR_DISCLOSED,0,2,1,0.002
chi_bridge_lyman,UNTRACED_CORE,0,5,0,0.2277;1.216e-7;13.8;4.352e17;6.74e33
chi_horizon_654,UNTRACED_CORE,0,9,0,0.7;13.97;3.32;4283.0;46.4;46.5
chiral_breaking_scale,PRIMITIVE_PLUS_LITERALS,2,3,1,0.217;0.4;0.452
chirp_eta_identity_1104,ANCHORED_OR_DISCLOSED,0,2,1,0.6;5.0
chirp_frequency_evolution,PRIMITIVE_PLUS_LITERALS,1,5,0,256.0;5.0;8.0
chirp_mass_binary,ANCHORED_OR_DISCLOSED,0,3,1,0.6;1.188;28.3
chirp_mass_from_fdot,PRIMITIVE_PLUS_LITERALS,1,5,1,0.6;11.0;5.0;8.0;96.0
chirp_mass_modification,UNTRACED_CORE,0,1,0,5.0
chirp_mass_q_814,UNTRACED_CORE,0,2,0,0.6;1.2
chsh_bound_1222,UNTRACED_CORE,0,1,0,2.828
chsh_bound_tsirelson,UNTRACED_CORE,0,1,0,2.828
chsh_parameter,UNTRACED_CORE,0,2,0,2.75
cia_refit_values,UNTRACED_CORE,0,9,0,0.004997;11.65;1e-34;2506.09257;7.25e8
ckm_row2_unitarity,UNTRACED_CORE,0,3,0,0.0392;0.221;0.975
ckm_scm_flavor,UNTRACED_CORE,0,2,0,0.0392;1.5366e-3
ckm_unitarity_deficit,UNTRACED_CORE,0,1,0,0.65
cluster_efficiency_j,ANCHORED_OR_DISCLOSED,0,4,1,1.009e-16;1.602176634e-19;1136;630.0
cmb_spectral_index_ns,UNTRACED_CORE,0,2,0,0.9649
cmb_temperature,UNTRACED_CORE,0,2,0,2.725
cnb_stated_params,UNTRACED_CORE,0,7,0,1e-12;1e-37;6.25e36;9.07e-42
coherence_constant_ngc1792,UNTRACED_CORE,0,2,0,1e-9
cold_spot_delta_t_1249,PRIMITIVE_PLUS_LITERALS,4,7,1,0.000;0.00729735;0.093;0.125;0.603;149.86
collatz_steps_584,UNTRACED_CORE,0,1,0,10000
complex_fubi_stated,ANCHORED_OR_DISCLOSED,0,255,1,1001;1002;1003;1004;1005;1006
complexity_ssq_exponent,PRIMITIVE_PLUS_LITERALS,1,1,0,1.754
compressed_cosm_term,ANCHORED_OR_DISCLOSED,0,3,1,1.1e-52;3.3e-36;3.3e-37
compressed_expansion_term,UNTRACED_CORE,0,1,0,2.2685e-18
compressed_fluid_term,UNTRACED_CORE,0,1,0,4.189e-2
compressed_muge_total,UNTRACED_CORE,0,1,0,1.782e39
compressed_quantum_term,UNTRACED_CORE,0,7,0,0.3312;1.0546e-34;1e-68;2.176e-18;4.35e17
compressed_ug2_full,UNTRACED_CORE,0,1,0,0.99
compton_wavelength_1209dd,PRIMITIVE_PLUS_LITERALS,7,3,1,0.0137;2.426;2.42633
compton_wavelength_pm,UNTRACED_CORE,0,2,0,2.426
confinement_icrit,UNTRACED_CORE,0,3,0,1.2e-15;1.3e-15
conjecture_closure_1241,UNTRACED_CORE,0,1,0,1248
cool_core_dT_1041,ANCHORED_OR_DISCLOSED,0,2,1,1.380649e-23;1.5
cooling_accel_over_radius,UNTRACED_CORE,0,4,0,1.892e21;1275;4.76e-14;9e7
cooling_equilibrium_cos,PRIMITIVE_PLUS_LITERALS,1,1,0,1e-4
cooper_pair_energy,UNTRACED_CORE,0,4,0,1.054571817e-34;1.411e16;1.488e-18;9.29
cop_283_863_stated,UNTRACED_CORE,0,2,0,1.25;283.0
cop_heaviside_1119,PRIMITIVE_PLUS_LITERALS,3,2,0,0.01;1e13
cop_lenr_1060,PRIMITIVE_PLUS_LITERALS,1,2,0,1070;2026
cop_parametric_1081,PRIMITIVE_PLUS_LITERALS,1,1,1,1.0545718e-34
cop_reactor,PRIMITIVE_PLUS_LITERALS,1,2,0,0.050;1.0e-4
cop_rossi_1141,ANCHORED_OR_DISCLOSED,0,2,1,1.009e-16
core_field_oscillation,UNTRACED_CORE,0,2,0,0.4
coronal_amplification,PRIMITIVE_PLUS_LITERALS,4,2,0,10.0;3.333e27
cos_pi_tn_1131,ANCHORED_OR_DISCLOSED,0,1,1,2512
cosmic_baryonic_density,PRIMITIVE_PLUS_LITERALS,1,2,0,4.354e17;86400.0
cosmic_budget_fsm,PRIMITIVE_PLUS_LITERALS,1,1,0,0.1056
cosmic_dark_energy_fraction,PRIMITIVE_PLUS_LITERALS,1,1,0,0.268
cosmic_fdm,PRIMITIVE_PLUS_LITERALS,1,1,0,0.05
cosmic_flambda,UNTRACED_CORE,0,2,0,0.05;0.27
cosmic_neutrino_background,UNTRACED_CORE,0,4,0,1.95;3.36e8
cosmic_ray_aether_drag,UNTRACED_CORE,0,1,0,0.37
cosmic_ray_ankle_1418,PRIMITIVE_PLUS_LITERALS,2,4,1,0.1038;0.938e9;3.6162e18;3.62e18
cosmic_ray_knee_energy,UNTRACED_CORE,0,3,0,3.09e15;8.04e16
cosmic_ray_spectrum,UNTRACED_CORE,0,2,0,2.2
cosmological_constant_26fact,PRIMITIVE_PLUS_LITERALS,1,3,0,12.0;25.0;5.957e-10
coulomb_lenr_energy,UNTRACED_CORE,0,5,0,1.0e-12;1.602176634e-19;2.3;8.9875517873681764e9
coulomb_log_1196,PRIMITIVE_PLUS_LITERALS,13,1,1,16.98
cp2_field_generator_power,PRIMITIVE_PLUS_LITERALS,3,1,1,2053
cpt_asymmetry_gate,PRIMITIVE_PLUS_LITERALS,1,1,0,3.5
cr_diffusion_powerlaw,UNTRACED_CORE,0,5,0,0.45;0.6;10.0;1e28
cr_emax_hillas,UNTRACED_CORE,0,3,0,1.602176634e-19;2.6e16;3e15
crab_expanding_radius,UNTRACED_CORE,0,5,0,1.5e6;1054;3.068e10;5.20e16;6.1e15
crab_pulsar_gamma_1323,PRIMITIVE_PLUS_LITERALS,5,2,0,0.1325;302.4
crab_pulsar_spin,PRIMITIVE_PLUS_LITERALS,9,1,1,30.2
crab_spindown_luminosity,UNTRACED_CORE,0,6,0,1e38;2200;33.5e-3;4.21e-13;4.4e31;4.6e31
cross_platform_agreement,UNTRACED_CORE,0,6,0,0.998;0.999;2025;6688;99.8;99.9
cross_section_enhancement,PRIMITIVE_PLUS_LITERALS,1,1,0,11600.0
cs2_kessence_900,ANCHORED_OR_DISCLOSED,0,1,1,2026
curvature_5th_factor,UNTRACED_CORE,0,1,0,5.3e-54
curvature_power_slow_roll,ANCHORED_OR_DISCLOSED,0,3,1,0.05;2.1e-9;8.0
cyclotron_electron,UNTRACED_CORE,0,5,0,1.602176634e-19;5e-5;8.79e6;9.11e-31
d1_displacement_iter,UNTRACED_CORE,0,3,0,1e-5;4.000040
d_comoving_1186,ANCHORED_OR_DISCLOSED,0,3,1,0.315;2.268e-18;2000
d_corrected_pcr,UNTRACED_CORE,0,3,0,0.314;4.83;5.40
d_phonon_915,UNTRACED_CORE,0,1,0,367.8
d_rydberg_1133,UNTRACED_CORE,0,5,0,0.154;2.3;2.9;5.292e-11
d_string_composed,PRIMITIVE_PLUS_LITERALS,1,1,0,0.37
d_total_934,ANCHORED_OR_DISCLOSED,0,1,1,0.333
d_total_q_943,ANCHORED_OR_DISCLOSED,0,4,1,0.197;0.333
d_total_vds_927,PRIMITIVE_PLUS_LITERALS,2,2,0,0.530;0.5622
d_universe_4factor,UNTRACED_CORE,0,7,0,0.634;1.089e-52;1.988;2.27e-18;2.64e26;8.58e26
d_universe_747,ANCHORED_OR_DISCLOSED,0,7,1,1.749e27;1.987;184.8;4.40e26;8.8e26;9.461e15
d_universe_quantum_correction,PRIMITIVE_PLUS_LITERALS,1,5,1,2.1e-8;2.2685e-18;2.2e-8;2000;4.35e17
dark_energy_gamma_density,PRIMITIVE_PLUS_LITERALS,1,1,0,1.0e-8
dark_matter_fraction_term,UNTRACED_CORE,0,2,0,0.268
dark_sector_suppression,UNTRACED_CORE,0,1,0,0.749
db_dominant_log10_589,PRIMITIVE_PLUS_LITERALS,1,4,1,1e-26;27.0;4.03e725;725.6
db_dr_flare_1073,PRIMITIVE_PLUS_LITERALS,2,2,1,0.656;0.65634
dbsfg_ftrz27_vacuum,PRIMITIVE_PLUS_LITERALS,3,1,0,6e-27
dcs_ratio_638,ANCHORED_OR_DISCLOSED,0,5,1,0.04649;0.05086;0.914
debroglie_thermal,UNTRACED_CORE,0,2,0,1.054571817e-34;1.380649e-23
decay_threshold_form,PRIMITIVE_PLUS_LITERALS,2,3,0,0.0432;0.57;26.0
decel_log10_871,ANCHORED_OR_DISCLOSED,0,3,1,203.3;203.4;24.0
decoherence_length,PRIMITIVE_PLUS_LITERALS,1,1,0,1e-300
defect_mod_656,UNTRACED_CORE,0,4,0,0.001;0.01
delta0_950,ANCHORED_OR_DISCLOSED,0,4,1,1.380649e-23;1.764;2026
delta_a_bh_576,PRIMITIVE_PLUS_LITERALS,1,1,0,3.854
delta_a_tau_633,UNTRACED_CORE,0,4,0,1.77686;1e-113;1e-116;80.379
delta_buoy_total_267,UNTRACED_CORE,0,2,0,1e-9;1e8
delta_chiral_1118,PRIMITIVE_PLUS_LITERALS,1,1,0,26.0
delta_d_pcr,UNTRACED_CORE,0,3,0,0.314;0.575;4.83
delta_g_stress_818,UNTRACED_CORE,0,2,0,2.5e-11;8.0
delta_lambda_639,UNTRACED_CORE,0,4,0,0.1294;0.99;5e-4;6.54e-5
delta_mW_shift,UNTRACED_CORE,0,2,0,0.093;80.379
delta_m_bh_807,ANCHORED_OR_DISCLOSED,0,6,1,0.309;200.0;4.38
delta_m_vlq_635,UNTRACED_CORE,0,6,0,0.37;29.75;29.8;80.4
delta_m_w_cdf,PRIMITIVE_PLUS_LITERALS,4,3,0,2.3;74.3;80379.0
delta_mu_ladder_1174,UNTRACED_CORE,0,2,0,0.018
delta_n_base_855,UNTRACED_CORE,0,1,0,6.0
delta_n_spiral,ANCHORED_OR_DISCLOSED,0,8,1,0.81;1.618;10.166;2.183;401.33;4507.0
delta_omega_26,PRIMITIVE_PLUS_LITERALS,1,1,0,6.6e2
delta_phi_915,UNTRACED_CORE,0,2,0,367.8
delta_phi_936,UNTRACED_CORE,0,1,0,367.8
delta_phi_holonomy,UNTRACED_CORE,0,1,0,2026
delta_phi_integral_921,PRIMITIVE_PLUS_LITERALS,2,4,0,0.375;0.667;0.999;2000
delta_quantum_gravity_cmb,UNTRACED_CORE,0,5,0,1.055e-34;1e-14;2.05e-27;2.725;7.3e-16
delta_r26_1176,PRIMITIVE_PLUS_LITERALS,2,3,0,2.193e-6;4.609e-13;5.96e-10
delta_res_centripetal,ANCHORED_OR_DISCLOSED,0,1,1,3.543e22
delta_sn_hubble,ANCHORED_OR_DISCLOSED,0,8,1,0.7;1.4512;1.4887;1.578e17;2.184e-18;2.366e-18
delta_t_pta_1021,PRIMITIVE_PLUS_LITERALS,2,1,1,0.12
delta_theta_string_582,ANCHORED_OR_DISCLOSED,0,5,1,1e-15;1e-21;2.6e-70;2.6e-76
delta_vac_differential,UNTRACED_CORE,0,4,0,0.0999;0.9;0.9001
delta_ym_540,ANCHORED_OR_DISCLOSED,0,4,1,0.5699;3.065;3.07;5.24
delta_ym_971,PRIMITIVE_PLUS_LITERALS,2,5,1,0.217;1.736;8.0
delta_ym_pimath_1111,PRIMITIVE_PLUS_LITERALS,1,5,0,0.217;0.99;1.000285;1.025e-3;1.2193
delta_ym_scm_1004,PRIMITIVE_PLUS_LITERALS,1,3,0,0.217;1008;2026
deriv26_k4_645,ANCHORED_OR_DISCLOSED,0,2,1,1.4735e30;8.84e30
derive_G_newton_593,ANCHORED_OR_DISCLOSED,0,2,1,0.08;6.66899e-11
derive_alpha_uqff,PRIMITIVE_PLUS_LITERALS,2,3,0,0.001;26.0
derive_beta_i,PRIMITIVE_PLUS_LITERALS,2,1,0,0.6028
derive_condensed_rho_scm,PRIMITIVE_PLUS_LITERALS,2,2,0,633333.333
derive_hbar,PRIMITIVE_PLUS_LITERALS,1,1,0,26.0
derive_rho_scm_micro,UNTRACED_CORE,0,3,0,1.0e-37;1e-37;7.0898e-37
det_uqff_at_zero_599,UNTRACED_CORE,0,1,0,27.0
detection_volume_ratio,UNTRACED_CORE,0,1,0,0.333
deuterium_ratio_pred,UNTRACED_CORE,0,2,0,1e-5
df_220_ringdown_1175,PRIMITIVE_PLUS_LITERALS,2,4,1,0.3737;3.517e-38;3.8e-35;4.633e113
dg_dt_sfr,UNTRACED_CORE,0,3,0,1.553e-24;5.2e17;6.303e21
diffusion_energy_scaling,UNTRACED_CORE,0,1,0,2.2
dipole_pairing_potential,UNTRACED_CORE,0,2,0,40.0;5.905e-39
disk_ram_force,UNTRACED_CORE,0,1,0,2.268e-18
dm2_atmospheric_a6,PRIMITIVE_PLUS_LITERALS,2,3,1,2.4081e-3;2.515e-3;4.25
dm2_ratio_a6,PRIMITIVE_PLUS_LITERALS,2,2,1,1.65;4.25
dm2_solar_a6,PRIMITIVE_PLUS_LITERALS,2,4,1,0.00729735;1.65;7.2974e-5;7.42e-5
dm_candidate_energy_ev,PRIMITIVE_PLUS_LITERALS,6,1,1,241.75
dm_density_final,PRIMITIVE_PLUS_LITERALS,1,2,0,0.043;1.11e-9
dm_dt_uqff_671,PRIMITIVE_PLUS_LITERALS,2,4,1,0.9;1.054571817e-34;15360;15360.0
dm_shell_partition,UNTRACED_CORE,0,2,0,0.80
dm_term_826,ANCHORED_OR_DISCLOSED,0,2,1,0.05;3.68e-11
dn_deta_972,ANCHORED_OR_DISCLOSED,0,5,1,0.156;1.2;100.0
dn_deta_npart_1013,UNTRACED_CORE,0,1,0,0.99
dn_deta_ratio_637,PRIMITIVE_PLUS_LITERALS,2,6,1,0.61;0.948;13.0;13.6
doubly_magic_separation,PRIMITIVE_PLUS_LITERALS,1,2,0,1.14e-12;1e-12
down_quark_mass_a5,PRIMITIVE_PLUS_LITERALS,1,8,1,2.0833;2.16;2.162;3.6;4.67;5.014
dp_dt_uqff,PRIMITIVE_PLUS_LITERALS,1,1,0,1e-11
dp_wind_745,ANCHORED_OR_DISCLOSED,0,1,1,5e33
dphys_minus_1_prefix,PRIMITIVE_PLUS_LITERALS,3,1,1,1953
dpm_26layer_amplification,PRIMITIVE_PLUS_LITERALS,1,1,0,10.0
dpm_26sphere_volume,ANCHORED_OR_DISCLOSED,0,5,1,1.616e-35;26.0;4.60e-103;7.24e-104
dpm_amplification_chain,ANCHORED_OR_DISCLOSED,0,12,1,1.0546e-34;1.1e65;1.252e46;1e-12;1e-6;2.82e-56
dpm_center_energy,UNTRACED_CORE,0,3,0,10.0;35.0;7e-11
dpm_center_radius,UNTRACED_CORE,0,2,0,10.0;35.0
dpm_dilution_law,UNTRACED_CORE,0,6,0,1.5e6;1e12;2.521e-56;3.772e-57;5.2e16;6.284e26
dpm_force_density,UNTRACED_CORE,0,2,0,1.500e-10;1.500e25
dpm_layer_energy,PRIMITIVE_PLUS_LITERALS,1,1,0,1.054571817e-34
dpm_resonance_mub,UNTRACED_CORE,0,3,0,1006;6.62607015e-34;9.274e-24
dpm_spectrum_1074,PRIMITIVE_PLUS_LITERALS,2,3,0,0.02;1077
dpm_trz_cp_phase,PRIMITIVE_PLUS_LITERALS,3,1,1,0.2827
dpmcosmo_fcore_implied_rho,ANCHORED_OR_DISCLOSED,0,6,1,1.054571817e-34;1.25e12;1.318e-4;1e-28;1e10
dr_dt_gw_817,ANCHORED_OR_DISCLOSED,0,2,1,5.0;64.0
dt_cmb_1093,PRIMITIVE_PLUS_LITERALS,1,1,0,2.7255
dt_gw170817_675,PRIMITIVE_PLUS_LITERALS,2,4,1,1.7;3.4
dual_barrier_ratio,UNTRACED_CORE,0,10,0,1.602176634e-19;1.6726e-27;12.77;1e-20;1e-5;1e5
dv_dphi_sector,PRIMITIVE_PLUS_LITERALS,1,1,0,6.0
dw_dz_1178,ANCHORED_OR_DISCLOSED,0,1,1,0.030
dynamic4_812,PRIMITIVE_PLUS_LITERALS,1,1,1,1.77e-133
dynamical_friction_time,UNTRACED_CORE,0,4,0,0.428;10.0;1e8
e0_zero_point_anchor,ANCHORED_OR_DISCLOSED,0,5,1,1.054571817e-34;1e-20;1e14;5.3e-21
e_aether_eff_727,UNTRACED_CORE,0,1,0,1.683e-10
e_cond_1118,PRIMITIVE_PLUS_LITERALS,1,2,0,10.0;26.0
e_cosmic_ray_ankle,PRIMITIVE_PLUS_LITERALS,3,3,1,3.62e18;5e18;938.272e6
e_crab_tev_cutoff,PRIMITIVE_PLUS_LITERALS,5,2,1,0.938;79.3
e_decay_757,ANCHORED_OR_DISCLOSED,0,1,1,0.06065
e_dna_strand,UNTRACED_CORE,0,1,0,1.587e-8
e_dpm_733,ANCHORED_OR_DISCLOSED,0,8,1,1.054571817e-34;1.669e-27;1e-5;2.83e20;3.948e-67;3.948e-72
e_dpm_state_1149,ANCHORED_OR_DISCLOSED,0,6,1,1.055e-34;1.11e-67;1e-5;3.27e22;3.514e-69
e_dpm_sum_739,PRIMITIVE_PLUS_LITERALS,1,2,0,1.671e-27;2026
e_epoch_610,UNTRACED_CORE,0,4,0,2026;6.62607015e-34;6.93e9
e_flare_1024,ANCHORED_OR_DISCLOSED,0,2,1,3.2e46;5e46
e_flenr_kozima_coupling,PRIMITIVE_PLUS_LITERALS,1,2,0,0.57;5.7
e_flow_dna_808,UNTRACED_CORE,0,3,0,10.5;3.4e-9;34.29
e_ion_hydrogen_1202,PRIMITIVE_PLUS_LITERALS,6,1,1,13.6
e_isotope_830,ANCHORED_OR_DISCLOSED,0,5,1,1244160.0;2026;3.00e-15;3.79e-27;637200.0
e_ladder_952,PRIMITIVE_PLUS_LITERALS,2,1,1,1.0545718e-34
e_meson_cascade_1135,UNTRACED_CORE,0,11,0,0.511;105.0;139.0;1675.511;493.0;938.0
e_n_hodge_563,UNTRACED_CORE,0,2,0,10.0;1e-19
e_oscillation_717,UNTRACED_CORE,0,2,0,1.25663706212e-06;7.96e-22
e_plus_880,PRIMITIVE_PLUS_LITERALS,2,1,0,2026
e_rad_erosion_744,ANCHORED_OR_DISCLOSED,0,1,1,3e-12
e_ratio_637,PRIMITIVE_PLUS_LITERALS,1,4,1,0.57;0.61;1.070
e_react_647,UNTRACED_CORE,0,3,0,1e46;5e-4
e_react_dcs_638,UNTRACED_CORE,0,2,0,1.45e-4
e_react_sun_implied_ratio,ANCHORED_OR_DISCLOSED,0,7,1,1e-23;1e-9;1e15;2.958e8;8.74e45;8.75e54
e_rydberg_26_648,PRIMITIVE_PLUS_LITERALS,1,1,0,5.11e-12
e_sacred,ANCHORED_OR_DISCLOSED,0,4,1,1.054571817e-34;4.7e-29;5.3e-26;7.83
e_schwinger_uqff,PRIMITIVE_PLUS_LITERALS,3,3,0,0.924;1.32e18;7.6
e_scm_phonon_1136,PRIMITIVE_PLUS_LITERALS,4,18,1,0.84;1.25;1.45309429553537;1.4530963e5;1.4531e26;1.602176634e-19
e_scm_phonon_pre_res_1136,PRIMITIVE_PLUS_LITERALS,1,2,0,0.84;1137
e_shell_735,ANCHORED_OR_DISCLOSED,0,4,1,1.36e4;1000.0;13.6;1e12
e_shock_712,UNTRACED_CORE,0,2,0,0.15
e_signal_714,ANCHORED_OR_DISCLOSED,0,1,1,50.0
e_space_717_stated,UNTRACED_CORE,0,2,0,5.52e-104
e_squared_1208,PRIMITIVE_PLUS_LITERALS,18,2,0,0.092;7.39583
e_str_726,UNTRACED_CORE,0,3,0,1.380649e-23;1e4
e_transcendental_1208,PRIMITIVE_PLUS_LITERALS,12,2,0,0.094;2.72083
e_uhecr_bound,PRIMITIVE_PLUS_LITERALS,7,4,0,1.0e9;5e19;7.035e20;938.0e6
e_up_plasmoid,PRIMITIVE_PLUS_LITERALS,1,4,0,1.6e19;1.6e20
e_vac_neb_812,PRIMITIVE_PLUS_LITERALS,1,1,0,1.054571817e-34
e_vortex_line_680,PRIMITIVE_PLUS_LITERALS,1,1,0,2026
e_vortex_prime,UNTRACED_CORE,0,3,0,1.054571817e-34;1.618;5e14
e_wave_653,ANCHORED_OR_DISCLOSED,0,3,1,1.20e-10;1.20e-11;6.62607015e-34
e_wave_deep_653,PRIMITIVE_PLUS_LITERALS,1,2,0,1.17e-11;7.2973525693e-3
e_wave_planck_653,PRIMITIVE_PLUS_LITERALS,1,3,1,1.17e-105;5.078e-35;8.35e-123
e_x_complex_649,PRIMITIVE_PLUS_LITERALS,1,2,0,0.6469;0.6470
earth_axial_precession_yr,UNTRACED_CORE,0,2,0,1.617e11;25772.0
ebl_benchmark_569,ANCHORED_OR_DISCLOSED,0,3,1,2016;3.1e-6
eddington_correction_184,PRIMITIVE_PLUS_LITERALS,1,2,1,0.43;0.58
edm_fu_coupling,PRIMITIVE_PLUS_LITERALS,1,4,0,1.602176634e-19;1e-5;26.0;9.1094e-31
effective_charge_coupling,UNTRACED_CORE,0,3,0,1.0e-10;2e-10
eight_pi_closure_1233,PRIMITIVE_PLUS_LITERALS,9,5,0,0.53;1234;25.133;3.125;8.0
einstein_amp_559,ANCHORED_OR_DISCLOSED,0,3,1,1.8e4;18.0;8.0
einstein_coupling_constant,PRIMITIVE_PLUS_LITERALS,1,1,0,8.0
electron_fraction_ua,PRIMITIVE_PLUS_LITERALS,1,1,0,1e-2
electron_g2_anomaly,UNTRACED_CORE,0,4,0,0.001159652;0.328;137.035999
em_base_acceleration,UNTRACED_CORE,0,2,0,1.602176634e-19;1.67262192e-27
em_charge_term,PRIMITIVE_PLUS_LITERALS,1,2,0,1.602176634e-19;1.673e-27
emergent_ug1_dpm,UNTRACED_CORE,0,1,0,1e-4
emergent_ug2_shell,PRIMITIVE_PLUS_LITERALS,1,2,0,100.0;4e5
emergent_ug4_concentration,PRIMITIVE_PLUS_LITERALS,1,1,0,1e30
energy_ladder_index,ANCHORED_OR_DISCLOSED,0,3,1,12.30;2.005e-8;20.0
enstrophy_rate_1232,ANCHORED_OR_DISCLOSED,0,2,1,0.0994;5.59e-4
entanglement_energy_scaling,PRIMITIVE_PLUS_LITERALS,4,1,1,1.5
entropy_avalanche_ln,UNTRACED_CORE,0,5,0,0.693;1.386;1.945;1e17;4.23
environmental_force_cascade,PRIMITIVE_PLUS_LITERALS,1,2,0,1.123e-6
eps_qft_family_1052,PRIMITIVE_PLUS_LITERALS,5,7,1,0.003437;0.01;0.2375;0.2383;0.34;1058
epsilon_gr_curvature,UNTRACED_CORE,0,4,0,1.483e27;1e54;4.4e26;5.056
epsilon_gr_hydrogen,UNTRACED_CORE,0,5,0,1.6726e-27;2.13e43;2.484e-54;5.2918e-11;7.040e-44
epsilon_riemann_1134,PRIMITIVE_PLUS_LITERALS,1,2,1,3.25e-6
er_epr_throat_radius,PRIMITIVE_PLUS_LITERALS,1,1,0,1.616e-35
erosion_growth_form,UNTRACED_CORE,0,2,0,1.578e14;1792
erosion_half_time,UNTRACED_CORE,0,1,0,2.079
erosion_timescale_resonant,ANCHORED_OR_DISCLOSED,0,1,1,3.6
espace_seven_factor,ANCHORED_OR_DISCLOSED,0,7,1,1.683e-37;2.77e-104;3.333e-23;5.0;5.52e-104;6.183e-13
eta_18_encompassment,PRIMITIVE_PLUS_LITERALS,1,2,1,0.4337;0.4345
eta_aether_inverse_energy,UNTRACED_CORE,0,3,0,1.49e-35;1e63;6.7e34
eta_b_confinement,UNTRACED_CORE,0,5,0,1e-10;1e-5;2.513e-6;3.979e5;6302
eta_baryogenesis,PRIMITIVE_PLUS_LITERALS,4,4,1,0.00729735;2.4;6.14e-10;6.288e-10
eta_dm_1019,ANCHORED_OR_DISCLOSED,0,2,1,0.03
eta_dm_vis_partition,UNTRACED_CORE,0,4,0,0.15;0.85;5.667
eta_em_hydrogen,UNTRACED_CORE,0,9,0,1.6022e-19;1.6726e-27;1e-4;2.1877e6;3.85e13;3.99e-17
eta_nt_818,UNTRACED_CORE,0,2,0,0.16;0.18
eta_nu_1185,UNTRACED_CORE,0,2,0,1.855e43;2.176e-5
eta_penetration_conservation,ANCHORED_OR_DISCLOSED,0,4,1,0.15;0.85
eta_phonon_908,PRIMITIVE_PLUS_LITERALS,1,1,0,1.560
eta_proplyd_611,ANCHORED_OR_DISCLOSED,0,5,1,0.18;1.0e32;1.8e31
eta_sn_imprint,UNTRACED_CORE,0,8,0,1.549e-11;1.989e41;1e-21;1e36;2.0e16;3.096e-16
eta_superluminal,UNTRACED_CORE,0,3,0,3.328;4.328;9.984e8
eta_wind_relativistic,PRIMITIVE_PLUS_LITERALS,1,3,1,1.668e-6;2.9e-11;500.0
eval_proofset,UNTRACED_CORE,0,3,0,0.014;1199;1200
ew_t_parameter,UNTRACED_CORE,0,2,0,0.222
exotic_matter_condition,UNTRACED_CORE,0,2,0,1.75e5
expansion_factor,ANCHORED_OR_DISCLOSED,0,1,1,2.2685e-18
f221_over_f220_1238,PRIMITIVE_PLUS_LITERALS,6,2,0,0.84;0.98343
f26_fold_1107,PRIMITIVE_PLUS_LITERALS,1,3,1,1.176e-2;13.0;8.983e-3
f330_over_f220_1238,PRIMITIVE_PLUS_LITERALS,5,3,1,0.84;0.9;1.575
f_a_ambient_1184,PRIMITIVE_PLUS_LITERALS,2,4,1,1186;1187;1188;1190
f_act_835,UNTRACED_CORE,0,2,0,1e-6;300.0
f_aether_828,UNTRACED_CORE,0,1,0,1e-10
f_bary_orbit_1029,UNTRACED_CORE,0,1,0,0.003
f_beat_906,PRIMITIVE_PLUS_LITERALS,1,1,1,1.25
f_bsh_901,PRIMITIVE_PLUS_LITERALS,1,1,1,26.0
f_buoy_999,PRIMITIVE_PLUS_LITERALS,2,2,0,1010;2026
f_centrif_dpm,UNTRACED_CORE,0,1,0,5.22e10
f_centrip_dpm,UNTRACED_CORE,0,1,0,7.54e10
f_cluster_750,ANCHORED_OR_DISCLOSED,0,3,1,1e-12;1e-6
f_cnb_neutrino,UNTRACED_CORE,0,6,0,1.0e-27;1.7e-4;2.70e-23;3.36e8;9.07e-42
f_combined_redshift,PRIMITIVE_PLUS_LITERALS,1,1,0,0.622
f_compressed_961,PRIMITIVE_PLUS_LITERALS,2,1,0,1.5
f_conduit_h2o,UNTRACED_CORE,0,2,0,0.74;8.99e9
f_de_835,ANCHORED_OR_DISCLOSED,0,2,1,1e-30;1e30
f_de_source10,PRIMITIVE_PLUS_LITERALS,1,1,0,1.1e-52
f_edd_816,ANCHORED_OR_DISCLOSED,0,1,1,0.034
f_em_732,PRIMITIVE_PLUS_LITERALS,1,7,1,1.053;1.053e-2;1.602176634e-19;1.67262192369e-27;11e-12;1e-12
f_env_sfr,UNTRACED_CORE,0,1,0,0.8
f_epstein_dust_1032,UNTRACED_CORE,0,2,0,1.380649e-23;1.673e-27
f_eq_579,UNTRACED_CORE,0,1,0,27.0
f_eu_relativistic_uv,PRIMITIVE_PLUS_LITERALS,1,1,0,1e-30
f_event_cubic_623,ANCHORED_OR_DISCLOSED,0,2,1,1e15
f_event_xray_628,ANCHORED_OR_DISCLOSED,0,2,1,1e18
f_feedback_metal_retention,UNTRACED_CORE,0,2,0,0.063
f_fluid_collapse,PRIMITIVE_PLUS_LITERALS,2,1,0,1e-8
f_gal_834,ANCHORED_OR_DISCLOSED,0,10,1,1.96e-10;2.20e5;2.24e-10;2.47e20;2.57e40;2.81
f_galaxy_bar,PRIMITIVE_PLUS_LITERALS,2,1,1,0.5064
f_gap_bayesian_1191,ANCHORED_OR_DISCLOSED,0,3,1,0.6;20000;5.0
f_h_heaviside_1181,ANCHORED_OR_DISCLOSED,0,3,1,1e13;1e15
f_heaviside_phase,PRIMITIVE_PLUS_LITERALS,1,1,0,1.0e15
f_hier_26layer,PRIMITIVE_PLUS_LITERALS,1,1,0,26.0
f_ion_evo_829,UNTRACED_CORE,0,1,0,1.70e35
f_isco_observer,PRIMITIVE_PLUS_LITERALS,1,2,0,1.5;6.0
f_kozima_881,UNTRACED_CORE,0,1,0,1.054571817e-34
f_led_839_stated,UNTRACED_CORE,0,2,0,1e-23
f_led_850_stated,UNTRACED_CORE,0,3,0,2026;6.72e-24
f_lenr_835,PRIMITIVE_PLUS_LITERALS,2,6,0,1.25;1.56e36;1e-10;1e-12;6.16e39;6.17e39
f_lenr_omega_ratio,PRIMITIVE_PLUS_LITERALS,1,8,1,1e-10;1e-12;1e-15;1e-19;6.17e30;6.17e36
f_lenr_source10,UNTRACED_CORE,0,1,0,1.380649e-23
f_lrc_864,ANCHORED_OR_DISCLOSED,0,3,1,0.61;2.53e-8;29.14
f_mag_buoyancy_volume,UNTRACED_CORE,0,2,0,1e-5;3.98e-5
f_neutron_645_stated,ANCHORED_OR_DISCLOSED,0,2,1,1e49
f_neutron_840,ANCHORED_OR_DISCLOSED,0,4,1,1e-4;1e10
f_neutron_cross,UNTRACED_CORE,0,6,0,1006;1e-4;1e10;1e30;1e40
f_neutron_psr_1126,UNTRACED_CORE,0,6,0,1e-22;1e-4;1e10;1e17;1e45
f_neutron_t_840,UNTRACED_CORE,0,1,0,1e10
f_orbit_832,ANCHORED_OR_DISCLOSED,0,1,1,1.30e-1
f_orbit_sacred,UNTRACED_CORE,0,4,0,1e-10;5.3e-12;5.757
f_pbh_685,UNTRACED_CORE,0,1,0,30.203131427322724
f_phonon_flare_1024,PRIMITIVE_PLUS_LITERALS,4,6,1,0.13;0.639;0.64;1.86
f_pol_630,UNTRACED_CORE,0,2,0,0.04;1e17
f_qnm_1014,PRIMITIVE_PLUS_LITERALS,2,1,0,0.99
f_ratio_608,UNTRACED_CORE,0,2,0,5.22e10;7.54e10
f_rebound_582,ANCHORED_OR_DISCLOSED,0,1,1,2.6e-70
f_res_746,ANCHORED_OR_DISCLOSED,0,2,1,3.29e15;6.62607015e-34
f_res_dpm_full,UNTRACED_CORE,0,6,0,1.602176634e-19;1006;1e-12;1e-4;1e4
f_res_hi21,UNTRACED_CORE,0,3,0,1.4204;8.9282e9
f_res_hydrogen_ptoe,ANCHORED_OR_DISCLOSED,0,4,1,1.25e-12;1.325e-36;1.88e21;6.62607015e-34
f_res_nuclear,UNTRACED_CORE,0,1,0,6.62607015e-34
f_reversal_859,PRIMITIVE_PLUS_LITERALS,1,1,0,2026
f_rydberg26_electron_651,PRIMITIVE_PLUS_LITERALS,1,2,1,0.511e6;4.135667696e-15
f_scm_forcing,UNTRACED_CORE,0,2,0,1e15;2.958e8
f_scm_pair_735,UNTRACED_CORE,0,1,0,1000.0
f_scm_time_reversed,UNTRACED_CORE,0,2,0,1e15;2.958e8
f_shock_front,UNTRACED_CORE,0,1,0,0.01
f_sm_26d,UNTRACED_CORE,0,1,0,8.0
f_spooky_string,ANCHORED_OR_DISCLOSED,0,7,1,1.11e-34;1e10;2.71e89;5.55e-30;5e14;5e4
f_super_coalescence,UNTRACED_CORE,0,4,0,1.411e16;1.555e7
f_thermal_628,UNTRACED_CORE,0,5,0,1.380649e-23;1e7;2.084e17;2.09e17;6.62607015e-34
f_thrust_813_stated,ANCHORED_OR_DISCLOSED,0,2,1,5e2
f_thz_673,UNTRACED_CORE,0,4,0,1.054571817e-34;1.380649e-23;100.0;2.08
f_thz_shock,ANCHORED_OR_DISCLOSED,0,7,1,0.74;1.2e12;1.380649e-23;1e10;2.21e-17;2.21e-29
f_tide_832,ANCHORED_OR_DISCLOSED,0,2,1,1.49e-3;2.9e-11
f_torque_835,ANCHORED_OR_DISCLOSED,0,3,1,4.068;40.68
f_total_569,UNTRACED_CORE,0,4,0,1.49e20;2.08e-26;2.1e-26;3.1e-6
f_trz_activity_777,PRIMITIVE_PLUS_LITERALS,2,6,0,0.02;0.04;0.05
f_trz_sgra,UNTRACED_CORE,0,4,0,0.94;5.6e-4;5.95e-4
f_u99_sweep_995,ANCHORED_OR_DISCLOSED,0,2,1,6.11e13
f_u_pert_cme_1081,UNTRACED_CORE,0,1,0,1.58e5
f_u_twostage_1080,UNTRACED_CORE,0,2,0,1090;2026
f_ub_650,UNTRACED_CORE,0,4,0,2.0e-6;2026;3.18e-7;3.2e-7
f_ub_calibration_794,PRIMITIVE_PLUS_LITERALS,2,4,1,2.196e7;33.0;7.25e8
f_ub_scale_736,UNTRACED_CORE,0,4,0,1e5;1e7
f_ub_volume_factor,UNTRACED_CORE,0,2,0,7.25e8
f_ubi_dust_1032,PRIMITIVE_PLUS_LITERALS,4,1,1,0.057
f_ubi_hub_1135,PRIMITIVE_PLUS_LITERALS,1,1,0,1.906e11
f_ubi_mice_831_stated,UNTRACED_CORE,0,2,0,1.66e212
f_ubi_psz2g181_1149,ANCHORED_OR_DISCLOSED,0,7,1,1.04e32;1.06;2.14e38;2.32e14;3.62
f_ubii_causal_role,UNTRACED_CORE,0,1,0,2151
f_uqff_713,PRIMITIVE_PLUS_LITERALS,1,4,1,1.246e12;1.25;2.377e-26;9.1093837015e-31
f_visible_baryons,PRIMITIVE_PLUS_LITERALS,7,2,1,0.4;0.4539
f_wind_drag_743,ANCHORED_OR_DISCLOSED,0,6,1,1.3e-3;1.79;1.79e-10;1.79e-7;400.0;5.8e7
f_wind_pulsar_745,ANCHORED_OR_DISCLOSED,0,1,1,4.8e-30
f_wind_shock_766,ANCHORED_OR_DISCLOSED,0,1,1,2026
f_z_cgm,PRIMITIVE_PLUS_LITERALS,2,6,1,0.57;1.46e-73;1e-113;2.5e-6;26.0;5.9e-67
f_z_cgm_807,UNTRACED_CORE,0,2,0,0.10;0.89
factorial_26_landmark,UNTRACED_CORE,0,1,0,4.0329e26
fas_673,PRIMITIVE_PLUS_LITERALS,2,1,0,1.1
fdpm_amplitude,UNTRACED_CORE,0,3,0,1e21;3.142e26;3.142e8
fe56_be_per_a,UNTRACED_CORE,0,3,0,0.019;8.79
feedback_ratio_phi,UNTRACED_CORE,0,2,0,3.156e13;3603
fermi_null_modulation,UNTRACED_CORE,0,2,0,1.0e-5;1e-5
feynman_vortex_density,UNTRACED_CORE,0,2,0,1.054571817e-34;1.675e-27
final_parsec_reduction,PRIMITIVE_PLUS_LITERALS,4,1,0,45.5
fine_structure_alpha,UNTRACED_CORE,0,3,0,0.138;137.035999
fine_tuning_ratio_uqff,UNTRACED_CORE,0,2,0,1e-120
flare_contrast_kact,UNTRACED_CORE,0,2,0,3.49e-3;5.56e-4
flare_freq_pred,ANCHORED_OR_DISCLOSED,0,8,1,1.15e131;1.15e61;1.83e71;1e-76;5.46e-148;5.46e-78
flatness_omega_pre,PRIMITIVE_PLUS_LITERALS,1,1,0,1.0e-3
flatness_suppression_1461,PRIMITIVE_PLUS_LITERALS,1,3,1,1.14e-10;1.2450e-10;9.2
flocking_density,PRIMITIVE_PLUS_LITERALS,2,1,0,0.506
fluid_crossover_radius,ANCHORED_OR_DISCLOSED,0,3,1,1e-26;3e22;8.4e-14
flyby_anomaly_dv,PRIMITIVE_PLUS_LITERALS,7,3,1,3.4;3.768;3.9
fnl_single_field,UNTRACED_CORE,0,7,0,0.015;0.9;0.9649;12.0;2018;5.0
force_equivalence_stated,UNTRACED_CORE,0,14,0,1e-12;1e-15;1e-4;1e31;2.11e208;2.53e208
force_hierarchy_span_841,ANCHORED_OR_DISCLOSED,0,5,1,6.16e39;6.72e-23;62.0
formula_of,UNTRACED_CORE,0,1,0,2026
fpeak_compactness,UNTRACED_CORE,0,1,0,2.5e3
frame_cadence_62,PRIMITIVE_PLUS_LITERALS,7,1,1,1.5
frb_duration,PRIMITIVE_PLUS_LITERALS,1,1,0,60.6
freq_drive_spectrum,PRIMITIVE_PLUS_LITERALS,1,2,0,5.22e10;7.54e10
frequency_hierarchy_stated,UNTRACED_CORE,0,14,0,1.269e-14;1.445e-17;1.576e-35;1e-6;1e10;1e12
friedmann_full,PRIMITIVE_PLUS_LITERALS,3,2,0,1.1e-52;8.0
friedmann_hz_high_z,ANCHORED_OR_DISCLOSED,0,7,1,0.7;1.2e-17;2.2685e-18;28.04;3.5;5.295
fsc_influence_718,UNTRACED_CORE,0,1,0,137.0
ftrz50_deepest_rung,PRIMITIVE_PLUS_LITERALS,2,1,0,1e-50
ftrz_dcrit_minus_dphys,PRIMITIVE_PLUS_LITERALS,5,1,1,1e-22
ftrz_ism_density_ladder,PRIMITIVE_PLUS_LITERALS,2,1,0,1e-20
ftrz_primitive_exponent,PRIMITIVE_PLUS_LITERALS,15,6,0,1e-10;1e-26;1e-4;1e-6;1e-9;2107
ftrz_so5_derivative,PRIMITIVE_PLUS_LITERALS,9,1,1,1160
fu_4body_stated,UNTRACED_CORE,0,4,0,2.064e59;4.219e-10
fu_dissipation_term,UNTRACED_CORE,0,1,0,2025
fu_pymander_621,UNTRACED_CORE,0,3,0,2.38e67;3.33e-6;7.93e61
fu_sun_final_calibration,PRIMITIVE_PLUS_LITERALS,1,16,0,0.001;0.01;0.6;1.17e27;1.2;1.5
fub_kappa_ratio_master,PRIMITIVE_PLUS_LITERALS,1,1,0,2025
fubi26_978,PRIMITIVE_PLUS_LITERALS,2,1,0,26.0
fubi_cena_991,ANCHORED_OR_DISCLOSED,0,3,1,1e-45
fubi_inside_out_989,PRIMITIVE_PLUS_LITERALS,1,3,1,1e-10;2026
fubi_master_979,PRIMITIVE_PLUS_LITERALS,2,1,1,2.4e-2
fubi_ratio_989,PRIMITIVE_PLUS_LITERALS,1,1,0,1e-30
fubii_anyons_gaussian,UNTRACED_CORE,0,2,0,4.3e33;6.33e4
fubii_bbn_deuterium,UNTRACED_CORE,0,1,0,32.0
fubii_bh_entropy,PRIMITIVE_PLUS_LITERALS,1,2,0,1.054571817e-34;1.380649e-23
fubii_evap_lifetime,PRIMITIVE_PLUS_LITERALS,1,3,0,1.054571817e-34;5120;5120.0
fubii_fermi,UNTRACED_CORE,0,1,0,1.22e-19
fubii_general_scaling,UNTRACED_CORE,0,4,0,4.3e33;6.33e4
fubii_hawking,ANCHORED_OR_DISCLOSED,0,4,1,2.452;3.0e4;5.0
fubii_hybrid_polarization,ANCHORED_OR_DISCLOSED,0,1,1,1.05
fubii_hz_1214,PRIMITIVE_PLUS_LITERALS,2,1,1,288.0
fubii_knee_stationary,UNTRACED_CORE,0,2,0,3.0e15;3e15
fubii_lqc_friedmann,UNTRACED_CORE,0,2,0,0.41;8.0
fubii_mhd_dynamo,UNTRACED_CORE,0,2,0,1.5;1e10
fubii_migration_t1,UNTRACED_CORE,0,2,0,1.36
fubii_mm_coupling,UNTRACED_CORE,0,3,0,1.05;1e-30
fubii_qnm_ringdown,PRIMITIVE_PLUS_LITERALS,1,6,0,0.088;0.3737;0.69
fubii_quadratic_roots,UNTRACED_CORE,0,2,0,1e-113;2.11e208
fubii_source10_master,UNTRACED_CORE,0,1,0,2.11e208
fubii_spindown_age,UNTRACED_CORE,0,2,0,1e-15
fubii_uv_coupling,UNTRACED_CORE,0,2,0,1e-30
fusion_triple_product_1196,PRIMITIVE_PLUS_LITERALS,8,2,0,0.1056;2.9968
fuzzy_dm_mass,UNTRACED_CORE,0,2,0,3.81e-24
fwhm_896,ANCHORED_OR_DISCLOSED,0,3,1,0.2e12;0.471;1.49
g26_978,PRIMITIVE_PLUS_LITERALS,1,1,0,26.0
g2_kk_loop,PRIMITIVE_PLUS_LITERALS,1,1,0,8.0
g2_ratio_tau_mu,UNTRACED_CORE,0,3,0,0.1056584;1.77686;282.8
g2_string_loop,PRIMITIVE_PLUS_LITERALS,1,1,0,6.0
g593_scale_implied,PRIMITIVE_PLUS_LITERALS,1,2,1,0.77e6;2.2685e-18
g_1053_anchor_stated,ANCHORED_OR_DISCLOSED,0,5,1,1.053;1.053e-3;1.053e-4;2026
g_base_eta_car,ANCHORED_OR_DISCLOSED,0,7,1,1.496e11;1.5;130.0;2.04e-3;3.43e-1
g_buoy_718,PRIMITIVE_PLUS_LITERALS,1,2,1,0.303;33.0
g_cosmic_route_593,PRIMITIVE_PLUS_LITERALS,2,4,0,0.77e6;1e-20;2.268e-18;6.687e-11
g_cr24_master,PRIMITIVE_PLUS_LITERALS,1,2,0,1e11;1e12
g_dpm_bigbang,ANCHORED_OR_DISCLOSED,0,4,1,1e53;3.92e-10;4.35e17;5.88e-10
g_eff_994,PRIMITIVE_PLUS_LITERALS,1,3,1,108.05;13.5;2.529
g_eff_defect_726,UNTRACED_CORE,0,2,0,0.001;1.001
g_eff_eta_car_stated,ANCHORED_OR_DISCLOSED,0,5,1,0.12;0.314;1.0377
g_fornax_690,PRIMITIVE_PLUS_LITERALS,2,1,1,1.21
g_freq_planck_derived,UNTRACED_CORE,0,2,0,1.616e-35;1.65e-122
g_from_string_1147,PRIMITIVE_PLUS_LITERALS,2,2,1,5.4e7;8.0
g_jet_uqff_689,PRIMITIVE_PLUS_LITERALS,2,1,1,0.81
g_l1_ej_819,ANCHORED_OR_DISCLOSED,0,3,1,0.006;0.007;3.9e-5
g_l1_eta_818,ANCHORED_OR_DISCLOSED,0,1,1,1.44e13
g_l3_crp_821,UNTRACED_CORE,0,1,0,3.41e44
g_l3_ye_820,UNTRACED_CORE,0,2,0,2026;2e-7
g_lambda_708,ANCHORED_OR_DISCLOSED,0,5,1,1.1e-52;3.30e-36;3.63e-35
g_muge_family_701,PRIMITIVE_PLUS_LITERALS,1,1,1,2.2685e-18
g_muge_hydrogen_1105,ANCHORED_OR_DISCLOSED,0,7,1,1.0545718e-34;1.6726219e-27;3.983e-17;3.99e-8;4.255e23;4.25e24
g_muge_universe_1105,ANCHORED_OR_DISCLOSED,0,9,1,1.1e-52;1.3e26;1.44e-5;1e53;3.95e-10;4.28e-10
g_osc_traveling,UNTRACED_CORE,0,1,0,13.8
g_q_min_saturation,UNTRACED_CORE,0,2,0,1.054571817e-34;4.354e17
g_s_scm_1145,PRIMITIVE_PLUS_LITERALS,3,7,0,0.48;0.504;0.50644;0.6;1.504;1.50644
g_sgr1745_compressed_504,ANCHORED_OR_DISCLOSED,0,10,1,0.0005;0.99;1.114e-52;1.4e31;5e-4;9.0e8
g_shock_1121,UNTRACED_CORE,0,2,0,0.01;1e-8
g_sn_ejecta_decay,ANCHORED_OR_DISCLOSED,0,6,1,1.4;2.3e-21;2.3e-33;2.785e30;2.84e20;2525
g_ug_sum_1067,PRIMITIVE_PLUS_LITERALS,1,2,1,276.8
g_uqff_593,PRIMITIVE_PLUS_LITERALS,5,4,1,0.08;0.77e6;1e-20;6.669e-11
galactic_distance_integer,PRIMITIVE_PLUS_LITERALS,7,1,1,2.6e20
galactic_fubi_class_stated,UNTRACED_CORE,0,16,0,1.02e-32;1.45e-47;2.09e212;2.29e-41;2.9;2025
galactic_universality_ratio,PRIMITIVE_PLUS_LITERALS,2,2,1,1.5;1962
gamma_T_1141,ANCHORED_OR_DISCLOSED,0,1,1,1.380649e-23
gamma_bh_dominance,UNTRACED_CORE,0,2,0,0.01;1e11
gamma_bsfg_566,ANCHORED_OR_DISCLOSED,0,1,1,4.6e-157
gamma_euler_mascheroni_1208,PRIMITIVE_PLUS_LITERALS,5,3,0,0.5772157;0.582500;0.9155
gamma_grb_jet,PRIMITIVE_PLUS_LITERALS,5,1,1,302.4
gamma_growth_749,UNTRACED_CORE,0,4,0,0.0488;0.049;5e-5
gamma_h_bound_1114,UNTRACED_CORE,0,5,0,0.810;3.4;4.2
gamma_immirzi_1058,ANCHORED_OR_DISCLOSED,0,2,1,0.2375;0.2383
gamma_jet_601,ANCHORED_OR_DISCLOSED,0,2,1,1e50;5.6e10
gamma_lambda_ratio,UNTRACED_CORE,0,6,0,0.313;1.1e-52;1e54;3.30e-36;4.4e26;9.57e-27
gamma_lenr_957,ANCHORED_OR_DISCLOSED,0,4,1,1.380649e-23;1020;2026
gamma_np_uqff_1036,PRIMITIVE_PLUS_LITERALS,2,1,0,59.95
gamma_nu_819,UNTRACED_CORE,0,2,0,0.22
gamma_pp_673,PRIMITIVE_PLUS_LITERALS,1,1,1,0.9
gamma_ratio_640,UNTRACED_CORE,0,6,0,0.1826;1.406e33;33.15;33.6;7.7e33;98.7
gamma_t_de_1076,ANCHORED_OR_DISCLOSED,0,4,1,0.1e12;4.56e17;6.283e11;6.912e11
gamma_tde_1194,ANCHORED_OR_DISCLOSED,0,5,1,0.404;1.1e8;1e-4
gamma_thz_cascade,UNTRACED_CORE,0,4,0,1500;1e12;3.33e7;5.0e10
gamma_total_decay,UNTRACED_CORE,0,1,0,5e-5
gamma_u4i_reactive,UNTRACED_CORE,0,3,0,1e10;4.704e36;7.09e-36
gamma_uqff_640,ANCHORED_OR_DISCLOSED,0,3,1,0.1826;365.25
gap_exponent_653,ANCHORED_OR_DISCLOSED,0,4,1,0.0432;1.17e-105;1.956e9;131.4
gas_consumption_time,ANCHORED_OR_DISCLOSED,0,2,1,1e-5;1e4
genesis_fu_value,UNTRACED_CORE,0,3,0,1.18e53;1e46
glitch_soc_index,UNTRACED_CORE,0,2,0,1.6
global_modulation_331,PRIMITIVE_PLUS_LITERALS,1,4,1,0.001;0.507;1e-6;26.0
globular_delta_G,UNTRACED_CORE,0,2,0,2.3e-4
glueball_implied_volume,PRIMITIVE_PLUS_LITERALS,1,5,1,1.054571817e-34;1.602176634e-10;1.736;1e-35;4.7e-57
glueball_mass_gap,PRIMITIVE_PLUS_LITERALS,1,3,0,0.217;1.736
glueball_mass_state,PRIMITIVE_PLUS_LITERALS,1,7,1,1.054571817e-34;1.602176634e-10;1.736;1e-35;2026
golden_ratio_reactor,UNTRACED_CORE,0,1,0,5.0
gr_precision_42994_1200,PRIMITIVE_PLUS_LITERALS,14,1,0,42.994
gr_span_ratio,UNTRACED_CORE,0,5,0,5.056;7.040e-44;7.18e43
grad_ms_solar,ANCHORED_OR_DISCLOSED,0,1,1,6.96e8
grad_ua_eq_622,UNTRACED_CORE,0,1,0,31.62
gravitational_self_energy,UNTRACED_CORE,0,1,0,1.782e39
grb_bimodality,PRIMITIVE_PLUS_LITERALS,3,3,0,0.096;1.109;11.5
grh_s26_chain_1246,PRIMITIVE_PLUS_LITERALS,6,3,1,0.57;9877.78265
grind_opp_601,UNTRACED_CORE,0,2,0,5.22e10;7.54e10
growth_rate_linder,ANCHORED_OR_DISCLOSED,0,4,1,0.46;0.55;2005
growth_ratio_jwst_1240,PRIMITIVE_PLUS_LITERALS,10,5,1,1250;2.19e-5;2026;4.61;595.7
gup_bound_1030,ANCHORED_OR_DISCLOSED,0,4,1,1.0545718e-34;1.34;1040;2026
gw_frequency_chirp_rate,PRIMITIVE_PLUS_LITERALS,2,3,0,11.0;5.0;96.0
gw_inspiral_frequency,UNTRACED_CORE,0,1,0,8.0
gw_inspiral_strain_pta,PRIMITIVE_PLUS_LITERALS,1,1,0,5.0
gw_memory_fraction_1429,PRIMITIVE_PLUS_LITERALS,3,2,0,0.06029;0.4833
gw_phonon_strain_modifier,PRIMITIVE_PLUS_LITERALS,1,2,0,0.47
gw_power_peters,PRIMITIVE_PLUS_LITERALS,1,2,0,32.0;5.0
gw_precession_squared,UNTRACED_CORE,0,1,0,2025
gw_wave_source_1022,PRIMITIVE_PLUS_LITERALS,1,1,0,16.0
gzk_cutoff_shift,UNTRACED_CORE,0,1,0,100.0
h0_asymmetry_1157,ANCHORED_OR_DISCLOSED,0,5,1,1.0385;1.0844;2.184e-18;2.268e-18;3.85
h0_hubble_integer,PRIMITIVE_PLUS_LITERALS,4,1,1,2144
h0_planck_route_1209gg,PRIMITIVE_PLUS_LITERALS,16,3,0,0.0001;67.4099;67.41
h0_tension_epsilon_1187,UNTRACED_CORE,0,2,0,0.09
h2_lqg_658,ANCHORED_OR_DISCLOSED,0,2,1,2026;8.0
h2_rotational_energy,UNTRACED_CORE,0,3,0,60.853;7.55e-23
h_c_nanograv_814,ANCHORED_OR_DISCLOSED,0,4,1,14.74;14.9;3.17e-8
h_dpm_590,UNTRACED_CORE,0,1,0,1e-5
h_echo_bound_1168,UNTRACED_CORE,0,4,0,1.624e-37;1169;1e-58;26.0
h_eta_562,UNTRACED_CORE,0,3,0,1e-22;6.62607015e-34;6.63e-56
h_exp_917,PRIMITIVE_PLUS_LITERALS,2,1,0,0.02192
h_flux_1144,PRIMITIVE_PLUS_LITERALS,3,1,0,1.08e2
h_gr_freq_669,ANCHORED_OR_DISCLOSED,0,1,1,5.0
h_gr_gw_580,ANCHORED_OR_DISCLOSED,0,2,1,1e-21;2.75e-25
h_hodge_1230,PRIMITIVE_PLUS_LITERALS,5,2,1,1240;2026
h_inf_587,UNTRACED_CORE,0,3,0,0.27;0.52;9.99e-6
h_inflation_1073,PRIMITIVE_PLUS_LITERALS,2,1,0,8.0
h_lambda_floor_580,ANCHORED_OR_DISCLOSED,0,2,1,1e-52;3.3e-53
h_memory_fraction,PRIMITIVE_PLUS_LITERALS,3,1,0,0.0603
h_phonon_1000,PRIMITIVE_PLUS_LITERALS,3,4,1,0.47;2.52
h_phonon_nu_1023,PRIMITIVE_PLUS_LITERALS,1,1,1,1.0545718e-34
h_planck_uqff_590,PRIMITIVE_PLUS_LITERALS,4,5,1,1.25;1.4;1e-20;6.72e-34
h_ratio_gw_666,UNTRACED_CORE,0,1,0,0.9
h_res_master,UNTRACED_CORE,0,2,0,1e-10;1e-15
h_s_source_815,ANCHORED_OR_DISCLOSED,0,3,1,32.0;5.0
h_scm_activation_1072,UNTRACED_CORE,0,3,0,0.99;59.95
h_scm_core_kinetic,UNTRACED_CORE,0,6,0,1e12;1e8;3.98e11;5e-5;5e27
h_scm_hydrogen_thickness,ANCHORED_OR_DISCLOSED,0,4,1,1e12;1e19;5.03e-19;5.03e-38
h_scm_kinetic,ANCHORED_OR_DISCLOSED,0,5,1,1e15;2.958e8;4.37e30;4.37e31;5e-5
h_structural_1160,PRIMITIVE_PLUS_LITERALS,3,10,1,0.77;1170;12.08;2026;5.44e-35;6.575e-34
h_ua_aether,ANCHORED_OR_DISCLOSED,0,6,1,1e-22;1e-23;1e-4;3e4;4.05e-30;4.5e-31
h_ug3_string_rotation,UNTRACED_CORE,0,1,0,1.8
h_uqff_965,PRIMITIVE_PLUS_LITERALS,2,3,0,0.5297
h_uqff_992,PRIMITIVE_PLUS_LITERALS,1,6,0,0.47;0.5297;0.530
h_uqff_gamma_damping,PRIMITIVE_PLUS_LITERALS,2,2,0,0.47
h_uqff_gw_580,PRIMITIVE_PLUS_LITERALS,1,3,1,1.34e-8;1e-20;1e-52
h_uqff_ligo_674,PRIMITIVE_PLUS_LITERALS,2,1,1,1.380649e-23
h_uqff_pcr_factor,UNTRACED_CORE,0,2,0,1.011;2026
h_uqff_resonance_coeff,ANCHORED_OR_DISCLOSED,0,9,1,0.001;0.045;0.15;0.7;0.987;0.9873
halflife_from_tau,UNTRACED_CORE,0,3,0,1386;2000.0;3.80
hawking_temperature_full,PRIMITIVE_PLUS_LITERALS,2,3,0,1.054571817e-34;1.380649e-23;8.0
hawking_temperature_uqff,PRIMITIVE_PLUS_LITERALS,2,3,0,0.9;0.99;1.1
heaviside_amp_749,ANCHORED_OR_DISCLOSED,0,6,1,0.01;1e11;1e13;2026
heaviside_amplifier_exact,PRIMITIVE_PLUS_LITERALS,3,1,1,1e13
heaviside_neutron_gate,UNTRACED_CORE,0,1,0,1e13
heavy_dm_mass_tev,PRIMITIVE_PLUS_LITERALS,1,2,0,11.6;3.77
heavy_electron_mass_ratio,UNTRACED_CORE,0,2,0,1.0e11;2.53
heliosheath_ug2,PRIMITIVE_PLUS_LITERALS,1,2,0,1.602176634e-19;1.67262192e-27
helium_mass_fraction,UNTRACED_CORE,0,2,0,0.247
hellings_downs_curve,UNTRACED_CORE,0,2,0,1.5;6.0
hi_doppler_obs,PRIMITIVE_PLUS_LITERALS,1,1,1,1.4204e9
hierarchy_ratio_1225,PRIMITIVE_PLUS_LITERALS,3,3,1,1.025e-17;1.22e19;8.488e-18
higgs_compton_gravity,UNTRACED_CORE,0,5,0,1.055e-34;1.58e-18;1.602e-10;1.783e-27;125.0
higgs_cp_asymmetry,UNTRACED_CORE,0,2,0,0.507;0.74
higgs_cp_oneloop,UNTRACED_CORE,0,2,0,0.9;137.0
higgs_frequency_uqff,UNTRACED_CORE,0,6,0,1.055e-34;1.602e-10;1.897e26;125.0;3.023e25;8e-34
higgs_level18_potential,PRIMITIVE_PLUS_LITERALS,1,3,0,0.57;18.0;3.5e-5
higgs_scalar_coupling,ANCHORED_OR_DISCLOSED,0,2,1,125.09
higgs_top_coupling,ANCHORED_OR_DISCLOSED,0,3,1,0.948;10.4
higgs_vev_1311,PRIMITIVE_PLUS_LITERALS,5,3,0,0.0894;246.0;246.22
higgs_vev_integer,UNTRACED_CORE,0,1,0,246.0
higgs_vev_marker,UNTRACED_CORE,0,1,0,246.0
higgs_width_scenario,UNTRACED_CORE,0,2,0,4.07e-3;780.0
hodge_bpq_bound_600,PRIMITIVE_PLUS_LITERALS,1,2,0,2026;4.03e26
hodge_total_563,UNTRACED_CORE,0,2,0,2.88e22
holmlid_ker_630eV,PRIMITIVE_PLUS_LITERALS,1,4,1,1136;2.3;630.0
holmlid_ker_validation,ANCHORED_OR_DISCLOSED,0,1,1,630.0
holmlid_xi_implied,PRIMITIVE_PLUS_LITERALS,2,5,1,1.25e12;1.4531e26;1.602176634e-19;6.62607015e-34;630.0
holographic_bulk_boundary_ratio_1282,PRIMITIVE_PLUS_LITERALS,4,1,1,1.2
holographic_scale_uqff,PRIMITIVE_PLUS_LITERALS,1,1,0,1.054571817e-34
homochirality_ee_pct,PRIMITIVE_PLUS_LITERALS,3,2,0,100.0;6.029
horizon_causal_volume,PRIMITIVE_PLUS_LITERALS,1,1,0,1e26
hoyle_ssq_sum,PRIMITIVE_PLUS_LITERALS,1,5,0,0.414;2.08;6.654
hse_bias_uqff,UNTRACED_CORE,0,3,0,0.17;0.20
hubble_bubble_contrast,PRIMITIVE_PLUS_LITERALS,5,3,0,100.0;30.1;5.0
hubble_egg_modified,ANCHORED_OR_DISCLOSED,0,6,1,0.01;0.685;0.795;2.2685e-18;7.1
hubble_evolution_Ez,UNTRACED_CORE,0,1,0,1156
hubble_ftrz19_route,PRIMITIVE_PLUS_LITERALS,6,1,1,2144
hubble_horizon_radius,UNTRACED_CORE,0,2,0,3.328;4.4e26
hubble_length_654,PRIMITIVE_PLUS_LITERALS,2,5,1,13.97;2.998e5;4283;70.0
hubble_mass_decay,UNTRACED_CORE,0,1,0,2.2685e-18
hubble_of_z,ANCHORED_OR_DISCLOSED,0,5,1,0.0162;0.7;1.0035;2.2685e-18;2525
hubble_rate_composed,PRIMITIVE_PLUS_LITERALS,4,3,1,2.2e-18;2093;22e-19
hubble_tension_bbdt,ANCHORED_OR_DISCLOSED,0,2,1,67.4;73.0
hubble_tension_egg_pct,ANCHORED_OR_DISCLOSED,0,4,1,0.01;0.685;7.1;7.7
hubble_time,PRIMITIVE_PLUS_LITERALS,2,2,0,2.2685e-18;4.41e17
hubble_ua_correction,UNTRACED_CORE,0,1,0,1.0e-4
hybrid_blend_weight,ANCHORED_OR_DISCLOSED,0,3,1,0.9933;4.4e13
hybrid_gravity,ANCHORED_OR_DISCLOSED,0,1,1,4.4e13
hydrostatic_bias_uqff,UNTRACED_CORE,0,2,0,0.17
hz_photoevap_1189,UNTRACED_CORE,0,5,0,0.05;1.37;16.0;1e38
hz_radii_1214,UNTRACED_CORE,0,4,0,203.0;269.0;288.0
i_core_595,PRIMITIVE_PLUS_LITERALS,1,1,0,1.380649e-23
i_eff_751,ANCHORED_OR_DISCLOSED,0,3,1,0.35;50.0;7.0e-3
i_max_string_1116,ANCHORED_OR_DISCLOSED,0,2,1,3.94e-8;9.47e-19
i_peak_dpm_1049,PRIMITIVE_PLUS_LITERALS,1,2,0,26.0
icm_entropy_floor,UNTRACED_CORE,0,2,0,1.380649e-23;1.616e-35
inertial_operator_frz,UNTRACED_CORE,0,2,0,0.6580;15.0
inflation_force_core,ANCHORED_OR_DISCLOSED,0,9,1,1.054571817e-34;1.25e12;1.318e17;1e-11;1e-28;1e10
inflation_spectral_index,UNTRACED_CORE,0,2,0,0.9833;6.0
interaction_modulation,UNTRACED_CORE,0,3,0,0.047;0.05
inv_alpha_1202,PRIMITIVE_PLUS_LITERALS,8,3,1,0.0122;137.0167;137.035999
inv_sqrt3_composition_1199,PRIMITIVE_PLUS_LITERALS,5,3,0,0.003;0.57733;0.577350
ionization_evolution_rate,UNTRACED_CORE,0,2,0,2.6e-13
j_planck_1077,ANCHORED_OR_DISCLOSED,0,2,1,1.380649e-23;6.62607015e-34
jeans_mass_magnetic_uqff,PRIMITIVE_PLUS_LITERALS,1,1,0,8.0
jet_extension_length,ANCHORED_OR_DISCLOSED,0,2,1,1.53;4.7e18
jet_injection_energy,PRIMITIVE_PLUS_LITERALS,1,3,0,6.09;7.09
jet_modulation_gaussian,UNTRACED_CORE,0,2,0,0.1e12;1.25e12
jwst_efficiency_boost,PRIMITIVE_PLUS_LITERALS,3,1,0,1.75
jwst_r26_growth,PRIMITIVE_PLUS_LITERALS,2,1,1,1.5
k1_benchmark_930,PRIMITIVE_PLUS_LITERALS,3,4,0,0.001;19.86;2026
k_act_activity_term,UNTRACED_CORE,0,3,0,12.5;1e-5
k_basis_universal_1166,PRIMITIVE_PLUS_LITERALS,2,1,1,8.3333
k_boltzmann_1215,PRIMITIVE_PLUS_LITERALS,3,4,1,0.076;1.37960e-23;1.380649e-23;6.6220584965588335e-34
k_cs_uqff_1052,ANCHORED_OR_DISCLOSED,0,1,1,0.34
k_curv_friedmann,ANCHORED_OR_DISCLOSED,0,4,1,1.0007;2.2685e-18;4.0e-56;5.3e-54
k_de_luminosity_term,UNTRACED_CORE,0,3,0,1e-20;1e20;1e40
k_eta_503,UNTRACED_CORE,0,2,0,1e-113
k_eta_env_854,UNTRACED_CORE,0,6,0,1.91e2;2.75e8;6.06e-6
k_h_735,UNTRACED_CORE,0,5,0,13.6;3e20;4.53e-20
k_higgs_856,ANCHORED_OR_DISCLOSED,0,6,1,1.299e9;1.30e9;1.79e18;125e9;7.069e26;96.25
k_lenr_implied,PRIMITIVE_PLUS_LITERALS,1,6,0,1.25;1e-12;1e-19;6.17e30
k_max_vacuum_1198,PRIMITIVE_PLUS_LITERALS,1,6,1,1.6;1.616e-35;1200;2026;2e35;9.91e35
k_mex_phi_res_sevenths,PRIMITIVE_PLUS_LITERALS,5,1,1,0.84
k_pcr_coupling,UNTRACED_CORE,0,1,0,81.0
k_pol_nomad_bound,UNTRACED_CORE,0,4,0,0.0752;1.33e-31;1e-32
k_rel_lorentz_squared,ANCHORED_OR_DISCLOSED,0,6,1,1.69e219;1811;20.25;4.5;6.5
kaluza_klein_mass,UNTRACED_CORE,0,2,0,11.6
kappa_18_level,PRIMITIVE_PLUS_LITERALS,1,2,0,0.1927;18.0
kappa_c_charm,PRIMITIVE_PLUS_LITERALS,1,1,0,18.8
kappa_derivation_4lac,ANCHORED_OR_DISCLOSED,0,4,1,0.35;5e-4;700.0
kappa_derivative,PRIMITIVE_PLUS_LITERALS,8,1,1,5e-4
kappa_einstein,ANCHORED_OR_DISCLOSED,0,2,1,2.07e-43;8.0
kappa_faint_young_sun_implied,UNTRACED_CORE,0,5,0,0.000212;0.7;1.68e12;2.12e-13;5e-4
kappa_nebular_friedmann,ANCHORED_OR_DISCLOSED,0,4,1,0.0015;0.7;6.71e-4
kappa_perp_magnetar_1188,UNTRACED_CORE,0,3,0,1e10;4.414e13;4.6e9
kappa_surface_bsfg,ANCHORED_OR_DISCLOSED,0,2,1,1.62e8;8.33e8
kappa_v_680,UNTRACED_CORE,0,1,0,6.62607015e-34
kappa_vlq_635,ANCHORED_OR_DISCLOSED,0,5,1,0.37;5.24e-22;5.79e-9;8.2e-27
ke_density_shock,UNTRACED_CORE,0,2,0,1.125e-14;1500
ke_to_binding_ratio,UNTRACED_CORE,0,2,0,3.564e5;6302
kepler_merger_residual_545,ANCHORED_OR_DISCLOSED,0,1,1,1e-10
kepler_orbital_radius,ANCHORED_OR_DISCLOSED,0,3,1,1.0e13;15.7;2.35e12
kepler_packing_hilbert18,PRIMITIVE_PLUS_LITERALS,4,3,0,0.74048048969;9.4e-8
khinchin_constant,UNTRACED_CORE,0,2,0,2.6854
kilonova_lpeak,ANCHORED_OR_DISCLOSED,0,6,1,0.01;0.05;1e41
kilonova_tpeak,UNTRACED_CORE,0,1,0,2.998e10
kk_lambda_product_1162,UNTRACED_CORE,0,1,0,4.0329e67
kk_mass_planck,PRIMITIVE_PLUS_LITERALS,1,2,0,1.22e19;11.6
kk_mass_scale,UNTRACED_CORE,0,1,0,3.16153e-26
kk_tower_sum_1162,UNTRACED_CORE,0,5,0,1.624e-37;2.480e-27;2000;25.0;6.55e-11
kn_continuum_1204,PRIMITIVE_PLUS_LITERALS,6,1,1,0.01
kozima_cross_section_scm,PRIMITIVE_PLUS_LITERALS,1,1,0,26.0
kozima_neutron_static,UNTRACED_CORE,0,2,0,1.0e-4;1.0e10
kozima_s26_coupling,PRIMITIVE_PLUS_LITERALS,2,1,0,26.0
kretschmann_bsfg,UNTRACED_CORE,0,1,0,12.0
l_9sys_1050,PRIMITIVE_PLUS_LITERALS,1,2,0,1060;2026
l_bz_phonon_1037,PRIMITIVE_PLUS_LITERALS,1,1,0,8.0
l_cw_607,UNTRACED_CORE,0,1,0,7.54e10
l_de_1090,ANCHORED_OR_DISCLOSED,0,14,1,0.6;1.766e59;1.77e47;1.86;1.86e20;1100
l_dvp_565,UNTRACED_CORE,0,3,0,2.95e24;4.4e26
l_dvp_570,PRIMITIVE_PLUS_LITERALS,1,5,1,0.507;2.6e78;4.4e26;5e86
l_eddington_1186,ANCHORED_OR_DISCLOSED,0,2,1,1.26e38
l_gamma_gamma_570,ANCHORED_OR_DISCLOSED,0,4,1,1.4e20;1.7e-29;4.1e8;4.5
l_gap_957,PRIMITIVE_PLUS_LITERALS,1,2,1,1.0545718e-34;1.380649e-23
l_hawking_659,ANCHORED_OR_DISCLOSED,0,3,1,1.054571817e-34;15360;15360.0
l_i_compact,UNTRACED_CORE,0,2,0,1.616e-35;700.0
l_min_qg_1030,PRIMITIVE_PLUS_LITERALS,1,7,1,0.3689;0.481;1.17;1.34;1.616e-35
l_plasmoid_859,PRIMITIVE_PLUS_LITERALS,1,1,0,1.25663706212e-06
l_poynt_mad_817,ANCHORED_OR_DISCLOSED,0,2,1,0.01
l_prime_co_1190,ANCHORED_OR_DISCLOSED,0,2,1,3.25e7
l_sn_uqff_697,PRIMITIVE_PLUS_LITERALS,2,1,1,0.99
l_uqff_local_563,UNTRACED_CORE,0,2,0,0.6736;2026
l_wh_uqff_660,PRIMITIVE_PLUS_LITERALS,2,2,0,2026;700.0
ladder_fit_r2,ANCHORED_OR_DISCLOSED,0,2,1,0.9542
lambda_888,ANCHORED_OR_DISCLOSED,0,4,1,0.692;8.0
lambda_closure_1156,PRIMITIVE_PLUS_LITERALS,1,5,1,0.684;1.089e-52;18.0;2.184e-18;5.0
lambda_decay_870,UNTRACED_CORE,0,2,0,1000.0;2026
lambda_density_factor_1212,PRIMITIVE_PLUS_LITERALS,5,1,1,1.9
lambda_eff_559,ANCHORED_OR_DISCLOSED,0,2,1,1.2e7;1.3e-45
lambda_friedmann_ssq,PRIMITIVE_PLUS_LITERALS,2,3,0,18.0;2.184e-18;5.0
lambda_hhh_1218,PRIMITIVE_PLUS_LITERALS,4,1,0,1.0000344
lambda_mean_609,UNTRACED_CORE,0,1,0,9.0
lambda_scale_640,UNTRACED_CORE,0,2,0,2026;8.3
lambda_tidal_914,ANCHORED_OR_DISCLOSED,0,1,1,2136
lambda_tilde_935,UNTRACED_CORE,0,4,0,12.0;13.0;16.0
lambda_uqff_580,PRIMITIVE_PLUS_LITERALS,1,6,1,1e-434;1e-52;1e43;2026;27.0;8.7e-27
lambda_uqff_639,ANCHORED_OR_DISCLOSED,0,5,1,0.1294;0.99;47.34;5.412287576;5e-4
lambda_uqff_645,ANCHORED_OR_DISCLOSED,0,5,1,1e-22;2.04e-20;3e-35;8.0;9.8
langlands_bridge_1247,PRIMITIVE_PLUS_LITERALS,1,3,1,8192;9877.78265
late_early_ratio_1181,PRIMITIVE_PLUS_LITERALS,2,1,0,1.04083
lawson_criterion_1368,PRIMITIVE_PLUS_LITERALS,1,3,1,1.44e21;3.0e21
lawson_n_tau_1196,PRIMITIVE_PLUS_LITERALS,5,3,0,0.1556;1.5;1.5023
lawson_ntau_1196,PRIMITIVE_PLUS_LITERALS,10,2,0,2.9968;2.997
lawson_uqff_boost,PRIMITIVE_PLUS_LITERALS,3,1,0,0.48
layer_frequency_scale,UNTRACED_CORE,0,12,0,1e-10;1e14;1e15;1e16;1e19;1e22
layer_weight_sum_26,UNTRACED_CORE,0,1,0,6279
lcdm_comparison_score,UNTRACED_CORE,0,9,0,0.6;0.8;0.9;141.5;142.4;162.0
lenr_dev_product,PRIMITIVE_PLUS_LITERALS,1,6,0,1.25;3.925e5;5e-8;7.85e12
lenr_efield_enhancement,PRIMITIVE_PLUS_LITERALS,2,1,1,1.05
lenr_nonlocal_catalyst,PRIMITIVE_PLUS_LITERALS,1,3,0,1.94e-8;4.5e-7
lenr_q_value,ANCHORED_OR_DISCLOSED,0,4,1,0.78;1.67262e-27;1.67493e-27;9.109e-31
lenr_resonance_term,UNTRACED_CORE,0,1,0,1.0e-10
lenr_transition_rate,PRIMITIVE_PLUS_LITERALS,1,1,0,1.0e15
lens_boost_758,ANCHORED_OR_DISCLOSED,0,2,1,1.394e-7;2026
lensing_amplification_lt,PRIMITIVE_PLUS_LITERALS,1,2,0,0.67
lensing_f_vac,UNTRACED_CORE,0,2,0,0.083;0.37
level26_total_field_energy,PRIMITIVE_PLUS_LITERALS,2,1,0,6201
level_spacing_energy,UNTRACED_CORE,0,4,0,1.6e19;1.6e20;26.0;5.54e18
lfv_temporal_suppression,PRIMITIVE_PLUS_LITERALS,1,2,0,0.5655;0.57
li26_ssq,PRIMITIVE_PLUS_LITERALS,2,4,1,0.57;0.570;4.8e-9
li7_abundance_predicted_2158,ANCHORED_OR_DISCLOSED,0,2,1,2018;5.0e-10
light_quark_mass_ratio_a5,PRIMITIVE_PLUS_LITERALS,1,5,1,2.0833;2.16;2.1620;3.64;4.67
ln2_composition_1199,PRIMITIVE_PLUS_LITERALS,12,3,0,0.003;0.693147;0.69317
ln_10_1208,PRIMITIVE_PLUS_LITERALS,6,2,0,0.0035;2.30267
ln_2_phi_minus_route_1199,PRIMITIVE_PLUS_LITERALS,9,2,0,0.0028;0.6931667
ln_2_transcendental_1208,PRIMITIVE_PLUS_LITERALS,12,3,0,0.0028;0.6931472;0.693167
log10_um_zero_mass_629,PRIMITIVE_PLUS_LITERALS,1,5,1,1e-21;1e-22;1e572;546.3;572.3
log2e_composition_1199,PRIMITIVE_PLUS_LITERALS,9,3,0,0.014;1.4425;1.442695
lookback_time,UNTRACED_CORE,0,4,0,0.315;0.685;2.2685e-18;2000
lorentz_uqff_term,PRIMITIVE_PLUS_LITERALS,1,3,1,11e-12;1e-12
lorenz_attractor_dim,PRIMITIVE_PLUS_LITERALS,4,3,1,0.014;2.06;2.06029
lorenz_attractor_dimension_1294,PRIMITIVE_PLUS_LITERALS,4,3,0,0.0141;2.06;2.06029
lqg_area_operator,UNTRACED_CORE,0,3,0,0.2375;2.612e-70;8.0
lqg_dispersion_omega2,ANCHORED_OR_DISCLOSED,0,1,1,1.616e-35
lqg_dv_over_c,ANCHORED_OR_DISCLOSED,0,3,1,1.616e-35;1e-42;2.5e-41
lyman_alpha_TS_ratio,UNTRACED_CORE,0,3,0,0.2277;13.8
lyman_alpha_bridge,UNTRACED_CORE,0,3,0,0.2277;13.8
lyman_frequency,ANCHORED_OR_DISCLOSED,0,2,1,1.549e16;121.6e-9
lyman_triple_lock,UNTRACED_CORE,0,3,0,1.000;4.895e10;7.298e13
m16_pillar_lifetime,UNTRACED_CORE,0,2,0,4.5;4.5e6
m_acc_754,ANCHORED_OR_DISCLOSED,0,3,1,0.01;4.5;6.065e-3
m_amu_dpm_1155,PRIMITIVE_PLUS_LITERALS,2,3,1,1.6267e-27;1.6605e-27;2.04
m_b_phillips_697,UNTRACED_CORE,0,6,0,0.74;1.1;19.3
m_bh_msigma_1125,ANCHORED_OR_DISCLOSED,0,6,1,200.0;3.09e8;4.38
m_chirp_eta_943,UNTRACED_CORE,0,1,0,0.6
m_crit_pbh_685,UNTRACED_CORE,0,2,0,30.2;30.203131427322724
m_eff2_879,PRIMITIVE_PLUS_LITERALS,1,1,1,1.054571817e-34
m_ej_676,PRIMITIVE_PLUS_LITERALS,2,3,1,0.0045;0.05
m_gas_uqff_1190,UNTRACED_CORE,0,5,0,0.8;1200;2026;4.3
m_glueball_qcd,PRIMITIVE_PLUS_LITERALS,2,3,0,0.217;1.736
m_h_639,ANCHORED_OR_DISCLOSED,0,5,1,0.1294;0.5084;125.09;125.26;246.22
m_h_ncg_1057,ANCHORED_OR_DISCLOSED,0,3,1,0.34;169.4;170.0
m_half_susy_1054,ANCHORED_OR_DISCLOSED,0,1,1,1.2
m_higgs_1218,PRIMITIVE_PLUS_LITERALS,11,2,1,0.20;125.25
m_jeans_1121,UNTRACED_CORE,0,1,0,1.5
m_jeans_716,ANCHORED_OR_DISCLOSED,0,5,1,1.380649e-23;1.5;1.6735575e-27;5.0;5.13e31
m_jet_gauss_925,ANCHORED_OR_DISCLOSED,0,6,1,0.08;0.1884;1.25;1.5;2.5
m_jet_linewidth_941,PRIMITIVE_PLUS_LITERALS,2,1,0,1.5
m_lfv_bound_636,PRIMITIVE_PLUS_LITERALS,3,3,1,0.534;0.5389;0.6083
m_mag_745,UNTRACED_CORE,0,2,0,1.25663706212e-06;2.7e-17
m_muon_mev_1209,PRIMITIVE_PLUS_LITERALS,17,2,0,0.11;206.768
m_nu_lightest,PRIMITIVE_PLUS_LITERALS,2,1,0,6.130e-3
m_nu_seesaw_uqff,PRIMITIVE_PLUS_LITERALS,2,1,0,2.85e-4
m_nu_tau_so5,PRIMITIVE_PLUS_LITERALS,4,1,0,0.12
m_phonon_1066,UNTRACED_CORE,0,1,0,8.0
m_proton_mev_1209,PRIMITIVE_PLUS_LITERALS,9,3,1,0.0023;938.25;938.272
m_schwarzschild_from_radius_651,ANCHORED_OR_DISCLOSED,0,4,1,1.2e39;1.95e12;1e36;2.9e-15
m_sf_744,ANCHORED_OR_DISCLOSED,0,3,1,0.0125;1.25;8e4
m_sf_bounded_771,ANCHORED_OR_DISCLOSED,0,6,1,0.02;0.045;0.10;0.15;1000.0;2026
m_sf_growth,ANCHORED_OR_DISCLOSED,0,3,1,0.9901;3.333;41.67
m_sigma_relation,UNTRACED_CORE,0,1,0,200.0
m_sigma_uqff_1048,PRIMITIVE_PLUS_LITERALS,3,2,1,4.02;4.38
m_sigma_uqff_anchor,ANCHORED_OR_DISCLOSED,0,9,1,0.309;10.0;2.4e4;200.0;4.38
m_smbh_seed,PRIMITIVE_PLUS_LITERALS,5,1,1,1e4
m_sterile_neutrino_ev,PRIMITIVE_PLUS_LITERALS,4,1,0,0.875
m_ua2_1166,PRIMITIVE_PLUS_LITERALS,2,2,1,1168;8.0
m_ua_ev_1168,ANCHORED_OR_DISCLOSED,0,4,1,1.27e-23;1.602176634e-19;1169;6.3e-8
m_w_641,UNTRACED_CORE,0,5,0,0.775;0.99;79.49;91.188
m_w_boson_1209hh,PRIMITIVE_PLUS_LITERALS,17,3,1,0.0028;80.3768;80.379
m_w_integer_primitive,PRIMITIVE_PLUS_LITERALS,5,3,1,0.50;80.0;80.4
m_w_integer_route_1273,PRIMITIVE_PLUS_LITERALS,4,4,0,0.0028;0.4715;80.0;80.379
m_w_z_1218,ANCHORED_OR_DISCLOSED,0,12,1,0.16;0.642;0.68;1.144;80.25;80.379
m_ym_vds_1070,PRIMITIVE_PLUS_LITERALS,3,3,0,0.44;1080;2026
madau_psi,UNTRACED_CORE,0,6,0,2.7;2.9;5.6
mag_buoyancy_813,PRIMITIVE_PLUS_LITERALS,1,5,1,1.35;5.0;6.0;8.1
magnetar_spindown_field,UNTRACED_CORE,0,2,0,3.2e19
magnetar_spindown_freact,UNTRACED_CORE,0,2,0,1e10
magnetic_dipole_dilution,ANCHORED_OR_DISCLOSED,0,1,1,0501
magnetic_hamiltonian_ug3,PRIMITIVE_PLUS_LITERALS,1,1,0,1.8
magnus_force_line,UNTRACED_CORE,0,2,0,1.675e-27;6.62607015e-34
mass_gap_dpm,UNTRACED_CORE,0,2,0,1e-5;3.333e-6
master_sc_gate,PRIMITIVE_PLUS_LITERALS,1,2,0,0.99
maxwell26_correction_log10,ANCHORED_OR_DISCLOSED,0,4,1,1.5e11;1008;1e-35;28.0
mc_jet_power_920,PRIMITIVE_PLUS_LITERALS,1,1,1,2026
mcmc_calibration_stated,UNTRACED_CORE,0,8,0,0.0005;0.99;1e-4;2000;2000.0;5e-4
mdot_cool_1187,UNTRACED_CORE,0,4,0,0.4;0.6;1.380649e-23;1.6726219e-27
mdot_edd_670,ANCHORED_OR_DISCLOSED,0,3,1,1.67262192369e-27;2026;6.6524587321e-29
mdot_evap_744,UNTRACED_CORE,0,2,0,1.6735575e-27;2.6e-13
mdot_pbh_684,PRIMITIVE_PLUS_LITERALS,2,3,1,1.054571817e-34;15360;15360.0
mdot_tde_1027,PRIMITIVE_PLUS_LITERALS,2,1,0,5.0
meissner_factor,PRIMITIVE_PLUS_LITERALS,2,1,0,4.4e13
meissner_gravitational_gate,UNTRACED_CORE,0,4,0,1e-10;1e-21;1e11
meissner_hybrid_blend,ANCHORED_OR_DISCLOSED,0,2,1,36.8;63.2
merger_compression,UNTRACED_CORE,0,2,0,2.3
merger_geometric_factor,UNTRACED_CORE,0,3,0,1.83;2.3
merger_gravity_boost,UNTRACED_CORE,0,1,0,400.0
meson_cascade_ratio_648,UNTRACED_CORE,0,4,0,0.5254;493.0;938.3
meson_cascade_step,UNTRACED_CORE,0,2,0,105.7;139.6
metric_perturbation,UNTRACED_CORE,0,1,0,1.0e-22
mizuno_lenr_power,UNTRACED_CORE,0,2,0,1.602176634e-19;630.0
mizuno_transmutation_power,UNTRACED_CORE,0,3,0,1.602176634e-19;5.0e-4;630.0
mmu_over_me_1217,PRIMITIVE_PLUS_LITERALS,3,2,1,0.11;206.768
mode_amplitude_ratio_268,UNTRACED_CORE,0,4,0,1792;2.49e-12;4.352e17;7.2e-18
modified_friedmann_q,UNTRACED_CORE,0,2,0,1.1e-52;8.0
modified_friedmann_uqff,UNTRACED_CORE,0,1,0,8.0
modular_compressed_g,UNTRACED_CORE,0,2,0,2.2685e-18;4.4e13
modulated_spin_rate,UNTRACED_CORE,0,2,0,0.4e-6
mond_a0_emergent,PRIMITIVE_PLUS_LITERALS,1,3,0,1.14e-10;2.2685e-18;6.0
mond_k_ua,PRIMITIVE_PLUS_LITERALS,2,1,1,1e-4
monopole_dilution,PRIMITIVE_PLUS_LITERALS,1,1,0,1.142e26
mp_over_me_1209,PRIMITIVE_PLUS_LITERALS,6,3,1,0.0083;1836;1836.153
mp_over_me_euler_1217,PRIMITIVE_PLUS_LITERALS,2,5,1,0.077;1836;1836.153;1837.56;2.71828
msigma_sigma4_derivation,ANCHORED_OR_DISCLOSED,0,1,1,0.309
mu0_vacuum_permeability,PRIMITIVE_PLUS_LITERALS,2,1,0,1e-7
mu_distortion_1180,ANCHORED_OR_DISCLOSED,0,10,1,1.0e-8;1190;2026;3.0318791946308725e-12;3.03e-12;3.0e-8
mu_eff_scm,ANCHORED_OR_DISCLOSED,0,4,1,1e-5;1e15;2.958e8;5.79e-9
mu_j_modulated_724,UNTRACED_CORE,0,2,0,0.4
muge_expansion_gate,UNTRACED_CORE,0,1,0,0.05
muge_ubi_ratio,PRIMITIVE_PLUS_LITERALS,1,2,0,2.85e-4;5.0e-4
muge_ug2_charge_reactivity,UNTRACED_CORE,0,1,0,8.99e9
muge_ug3_string_rotation,UNTRACED_CORE,0,2,0,86400;86400.0
muge_um_canonical,UNTRACED_CORE,0,7,0,0.01;1e13;1e46;5e-5;86400.0
muon_g2_anomaly,PRIMITIVE_PLUS_LITERALS,2,2,0,116592059e-11
n0_planck_steps,UNTRACED_CORE,0,3,0,4.35e17;5.39e-44;8.07e60
n_cross_ssq,PRIMITIVE_PLUS_LITERALS,1,2,1,0.43;3.14159
n_generations_1220,PRIMITIVE_PLUS_LITERALS,1,2,1,1230;2026
n_ions_829,ANCHORED_OR_DISCLOSED,0,6,1,0.01;0.0283;1.50;1.50e-10;1.50e-7;1.67e-27
n_isotope_830,ANCHORED_OR_DISCLOSED,0,5,1,0.33;2.28e10;345.6;3600.0;55500.0
n_missing_satellites,PRIMITIVE_PLUS_LITERALS,4,1,1,54.5
n_s_scalar_tilt,PRIMITIVE_PLUS_LITERALS,3,3,0,0.023;0.96468;0.9649
n_uqff_699,PRIMITIVE_PLUS_LITERALS,2,4,1,1.21;1.5
n_v_964,ANCHORED_OR_DISCLOSED,0,2,1,2.068e-15
nanograv_amplitude_1239,PRIMITIVE_PLUS_LITERALS,4,1,0,1.03437
nanograv_gamma_1239,PRIMITIVE_PLUS_LITERALS,6,2,0,4.3072;4.333
navier_stokes_enstrophy_cap,UNTRACED_CORE,0,2,0,0.85
nbody_accel_691,UNTRACED_CORE,0,1,0,1.5
negative_time_tneg,UNTRACED_CORE,0,2,0,2512;2512.0
neutrino_energy_196,UNTRACED_CORE,0,1,0,1.05e5
neutrino_flavor_ratio,PRIMITIVE_PLUS_LITERALS,1,2,0,0.001
neutrino_mass_sum_1304,PRIMITIVE_PLUS_LITERALS,3,4,1,0.00729735;0.06385;0.0639;0.0754
neutrino_vacuum_coupling,PRIMITIVE_PLUS_LITERALS,2,1,0,26.0
neutrino_vacuum_ratio,UNTRACED_CORE,0,2,0,0.113
neutron_lifetime_decomposition_1254,PRIMITIVE_PLUS_LITERALS,4,7,1,0.00729735;0.0106;100.0;45.97;833.33;879.31
neutron_lifetime_integer,PRIMITIVE_PLUS_LITERALS,5,7,0,100.0;12.0;137.035999;25.0;45.97;833.33
neutron_production_eta,PRIMITIVE_PLUS_LITERALS,1,2,0,0.78;64.0
neutron_production_force,PRIMITIVE_PLUS_LITERALS,1,2,0,1e20;7.85e12
neutron_separation_energy,PRIMITIVE_PLUS_LITERALS,1,1,0,1.0e8
neutron_star_canonical_radius_m,PRIMITIVE_PLUS_LITERALS,2,1,1,1e4
neutron_star_magnetic_moment,PRIMITIVE_PLUS_LITERALS,2,1,1,1e8
new_physics_tev_br,UNTRACED_CORE,0,3,0,0.12;11.6
nfw_concentration_1336,PRIMITIVE_PLUS_LITERALS,3,3,0,0.0191;9.95;9.9519
nfw_uqff_phonon_profile,PRIMITIVE_PLUS_LITERALS,2,4,1,0.75;0.891;0.99;1e12
nlevel_energy,UNTRACED_CORE,0,1,0,10.0
np_mass_split_ug3,ANCHORED_OR_DISCLOSED,0,2,1,1.29333
ns_h1_bound_540,ANCHORED_OR_DISCLOSED,0,1,1,2026
ns_jet_force_grid,UNTRACED_CORE,0,3,0,1e7;1e8
ns_merger_strain_reduction,PRIMITIVE_PLUS_LITERALS,1,3,0,0.47;1.4531e26
nu_flux_uqff,UNTRACED_CORE,0,5,0,0.035;0.314;0.342;1.296;100.0
nuclear_core_coupling,UNTRACED_CORE,0,2,0,1000.0;56.0
nuclear_spring_constant,ANCHORED_OR_DISCLOSED,0,6,1,1.2e-15;1.67e-27;1e17;2.7;8.4e-17
null_extraction,UNTRACED_CORE,0,1,0,1e-30
oblique_T_param,PRIMITIVE_PLUS_LITERALS,1,1,0,137.0
oceanic_buoyancy_salinity,UNTRACED_CORE,0,4,0,0.035;1025.0;3.5;9.81
offdiag_13_coupling,UNTRACED_CORE,0,1,0,6.227e9
olbers_finite_age,PRIMITIVE_PLUS_LITERALS,3,8,1,0.00729735;1.0e9;1000.0;3.0857e22;3.15576e7;70.0
omega0_critical,PRIMITIVE_PLUS_LITERALS,1,6,0,1e-13;1e-15;1e-19;3.8e-14;4.3e33;8.31e211
omega_SCm,PRIMITIVE_PLUS_LITERALS,1,1,0,1.25
omega_act_period,ANCHORED_OR_DISCLOSED,0,3,1,1.59e-8;12.5;7.27e-5
omega_baryon_dm_ratio,PRIMITIVE_PLUS_LITERALS,1,2,1,0.16;0.185
omega_c_734,UNTRACED_CORE,0,3,0,1.5866e-8;3.96e8
omega_egg_587,UNTRACED_CORE,0,2,0,9.99e-6
omega_egg_parameter,UNTRACED_CORE,0,4,0,0.05;0.20;9.47e-27
omega_g3_layer,UNTRACED_CORE,0,2,0,1e12;26.0
omega_g_749,ANCHORED_OR_DISCLOSED,0,3,1,2.727e8;7.3e-16
omega_gw_1174,PRIMITIVE_PLUS_LITERALS,1,3,0,2e-13;3.7e-4
omega_gw_from_strain,ANCHORED_OR_DISCLOSED,0,1,1,1000.0
omega_ladder_739,PRIMITIVE_PLUS_LITERALS,1,3,0,1.2e12;1.9e10;4.2e8
omega_lambda_1156,PRIMITIVE_PLUS_LITERALS,1,5,0,0.684;0.6889;0.71;5.0;6.0
omega_lambda_ssq,PRIMITIVE_PLUS_LITERALS,1,5,0,0.10;0.684;0.6847;5.0;6.0
omega_lambert_w1_1199,PRIMITIVE_PLUS_LITERALS,7,3,0,0.0335;0.5671433;0.567333
omega_lyman,UNTRACED_CORE,0,2,0,1.216e-7;1.549e16
omega_m_dark_matter,PRIMITIVE_PLUS_LITERALS,4,3,1,0.2672;0.315;15.2
omega_matter_exact,PRIMITIVE_PLUS_LITERALS,7,1,1,0.7
omega_n_956,PRIMITIVE_PLUS_LITERALS,1,1,1,1.0545718e-34
omega_nu_643,UNTRACED_CORE,0,3,0,1e28;1e5;6.62607015e-34
omega_planar_582,ANCHORED_OR_DISCLOSED,0,1,1,2.6e-70
omega_plasma_716,ANCHORED_OR_DISCLOSED,0,3,1,1.005e16;1e15;1e16
omega_res_disc,PRIMITIVE_PLUS_LITERALS,2,3,1,1.71e4;1e4;4.1e16
omega_res_hubble_identity,ANCHORED_OR_DISCLOSED,0,2,1,1.445e-17;4.35e17
omega_res_nuclear,ANCHORED_OR_DISCLOSED,0,4,1,1.7e27;2.7;8.4e-17;9.5e18
operational_mode_superposition,PRIMITIVE_PLUS_LITERALS,1,2,0,0.99;1.0e-4
orbital_freq_bridge,UNTRACED_CORE,0,5,0,1.078;1.21e-9;11.86;164.8;3.156e7
orbital_radii_1206,PRIMITIVE_PLUS_LITERALS,7,1,1,0.4
orbital_velocity_resonant,ANCHORED_OR_DISCLOSED,0,4,1,2.1e13;3.2;5.0e6;7.5e5
ord_bsd_563,ANCHORED_OR_DISCLOSED,0,2,1,2000.5;5e-4
osc_mode_627,ANCHORED_OR_DISCLOSED,0,5,1,0.176;0.187;0.285;0.300;5.0
outburst_drain_time,UNTRACED_CORE,0,5,0,12.7;1745;2.01e37;4.02e8;5e28
outflow_kinetic_power,UNTRACED_CORE,0,1,0,8.985e7
overdetermination_test_1158,UNTRACED_CORE,0,1,0,0.01
overlay_620,UNTRACED_CORE,0,1,0,2026
p26_integral_01,UNTRACED_CORE,0,1,0,0.7468
p26_partial_exp,ANCHORED_OR_DISCLOSED,0,2,1,2.86e-29;9.18e-29
p_bh_947,UNTRACED_CORE,0,1,0,2.5
p_bz_689,ANCHORED_OR_DISCLOSED,0,1,1,0.044
p_bz_8pi_933,ANCHORED_OR_DISCLOSED,0,1,1,8.0
p_bz_926,ANCHORED_OR_DISCLOSED,0,2,1,1.25663706212e-06;6.0
p_casimir_651,ANCHORED_OR_DISCLOSED,0,4,1,1.054571817e-34;1e61;240.0;8.775e-15
p_core_wind_1079,UNTRACED_CORE,0,2,0,4.3e5;8e-21
p_de_701,PRIMITIVE_PLUS_LITERALS,2,1,1,7.09e-51
p_excess_parkhomov_1138,UNTRACED_CORE,0,4,0,1.009e-16;24.0;2e18
p_flip_659,UNTRACED_CORE,0,2,0,1.380649e-23;700.0
p_frb_string_1117,ANCHORED_OR_DISCLOSED,0,1,1,1e-26
p_gr_merger_943,UNTRACED_CORE,0,3,0,3.6e49
p_gw_quadrupole_666,ANCHORED_OR_DISCLOSED,0,2,1,32.0;5.0
p_icm_976,ANCHORED_OR_DISCLOSED,0,2,1,1.380649e-23;1.6726219e-27
p_jet_bz_mod_910,ANCHORED_OR_DISCLOSED,0,1,1,2026
p_mizuno_1140,UNTRACED_CORE,0,3,0,1.009e-16;1150;2026
p_order_564,UNTRACED_CORE,0,1,0,9.0
p_order_entropy,ANCHORED_OR_DISCLOSED,0,7,1,0.5699;1e10;1e14;1e5;9.999e-6
p_order_nuclear_573,UNTRACED_CORE,0,3,0,0.18;1.380649e-23;1e21
p_order_star_612,ANCHORED_OR_DISCLOSED,0,6,1,1.44e10;14.4;1e10;1e14;9.999e-6
p_peak_728,ANCHORED_OR_DISCLOSED,0,4,1,0.65;50.0;8.45e-3
p_pons_fleischmann_1139,UNTRACED_CORE,0,5,0,1.009e-16;1e-9;3600;3600.0;6.8e28
p_qec_phonon_1056,PRIMITIVE_PLUS_LITERALS,3,2,1,1.41e17;2.1e-8
p_rad_704,ANCHORED_OR_DISCLOSED,0,2,1,1.6735575e-27;4.35e-5
p_scm_k_1092,UNTRACED_CORE,0,1,0,0.05
p_thz_713,ANCHORED_OR_DISCLOSED,0,4,1,0.35;2.45e-3;50.0
p_thz_comb_751,ANCHORED_OR_DISCLOSED,0,3,1,0.35;2.45;50.0
p_transition_720,UNTRACED_CORE,0,1,0,0.490
packing_fractions_1205,ANCHORED_OR_DISCLOSED,0,5,1,0.7405;0.7482;0.9069;0.9182;18.0
page_entropy_ratio_1213,ANCHORED_OR_DISCLOSED,0,3,1,0.7283;0.73461;0.87
page_recovery_purity,UNTRACED_CORE,0,2,0,0.99596
parkhomov_power,ANCHORED_OR_DISCLOSED,0,3,1,1138;199.0;2e18
pbh_abundance_correction,UNTRACED_CORE,0,6,0,0.96;0.965;1.005;3.5
pbh_collapse_threshold,UNTRACED_CORE,0,2,0,0.45
pbh_threshold_uqff,UNTRACED_CORE,0,1,0,0.45
pcr_field,UNTRACED_CORE,0,3,0,1.6180339887;144000.0;7.83
pcr_gw150914_stated,ANCHORED_OR_DISCLOSED,0,3,1,0.035;4.6e-6
pcr_phase,UNTRACED_CORE,0,3,0,1.6180339887;144000.0;7.83
pcr_psr_stated,ANCHORED_OR_DISCLOSED,0,3,1,0.092;6.66e-8
per_system_muge_stated,UNTRACED_CORE,0,15,0,0.67;1.27e10;1.33e6;1.394e-7;2.73e-12;3.07e-7
periastron_advance_pk,PRIMITIVE_PLUS_LITERALS,1,2,0,4.226;5.0
peters_ecc_factor,UNTRACED_CORE,0,6,0,2.422e-12;24.0;3.5;37.0;73.0;96.0
peters_inspiral_frequency,UNTRACED_CORE,0,1,0,8.0
peters_mathews_gw_power,PRIMITIVE_PLUS_LITERALS,1,2,0,32.0;5.0
peters_merge_time,PRIMITIVE_PLUS_LITERALS,1,2,0,256.0;5.0
peto_cellular_threshold,PRIMITIVE_PLUS_LITERALS,4,1,0,6.88e-27
phase_lag_trz,PRIMITIVE_PLUS_LITERALS,3,1,0,0.6283
phi_fluid_ratio,UNTRACED_CORE,0,2,0,5.0;6.0
phi_kinetic_sw_1079,ANCHORED_OR_DISCLOSED,0,2,1,4.3e5;8e-21
phi_phase_variable,UNTRACED_CORE,0,7,0,0.01;0.300;0.81;1.5;5.95e-4
phi_quadratic_grounding,PRIMITIVE_PLUS_LITERALS,3,1,1,0.84
phi_res_codimension_1159,PRIMITIVE_PLUS_LITERALS,2,2,1,0.79;0.84
phi_rrl_stated_range,UNTRACED_CORE,0,2,0,30.0;800.0
phi_suppress_1219,PRIMITIVE_PLUS_LITERALS,1,2,0,3.517e-38;4.633e113
phi_trans_659,PRIMITIVE_PLUS_LITERALS,2,2,1,2.09e19;8.55e36
phi_variant_discrimination_2159,PRIMITIVE_PLUS_LITERALS,4,3,1,10.0;100.0;877.75
phillips_k_rate,ANCHORED_OR_DISCLOSED,0,9,1,1.97e-16;10.50;10.50e-20;1994;3.78e-16;3.78e-6
phonon_mass,UNTRACED_CORE,0,2,0,1.0e8;8.0
phonon_modulation_Phi,UNTRACED_CORE,0,1,0,0.99
phonon_quality_factor,ANCHORED_OR_DISCLOSED,0,5,1,0.1e12;1.25;1.25e12;12.5;1804
phonon_strain,PRIMITIVE_PLUS_LITERALS,2,3,0,0.47;0.99
pi_amplitude_curve_506,UNTRACED_CORE,0,2,0,7.83
pi_amplitude_mod,UNTRACED_CORE,0,3,0,1.6180339887;144000;144000.0
pi_digit_autocorr,ANCHORED_OR_DISCLOSED,0,2,1,0.693;0.944
pi_over_2_composition_1199,PRIMITIVE_PLUS_LITERALS,10,3,0,0.0448;1.5707963;1.5715
pi_over_4_1208,PRIMITIVE_PLUS_LITERALS,8,2,1,0.77917;0.79
pi_phase_506,UNTRACED_CORE,0,1,0,7.0
pi_relic_1045,PRIMITIVE_PLUS_LITERALS,2,1,0,7.0
pi_squared_1208,PRIMITIVE_PLUS_LITERALS,10,2,0,0.0125;9.87083
pi_zero_density,PRIMITIVE_PLUS_LITERALS,1,1,1,0.1111
pillars_expansion_excess,PRIMITIVE_PLUS_LITERALS,1,2,0,0.57;2000.0
pimath_key_sum,UNTRACED_CORE,0,3,0,0582097494459230781640628620899862803482534211706798214808651;1415926535897932384626433832795028841971693993751;32823066470938446095505822317253594081284811174502841027019385
pioneer_anomaly_accel,PRIMITIVE_PLUS_LITERALS,5,6,1,1000.0;2.3;3.0857e22;70.0;8.542e-10;8.74e-10
planck_ladder_energy,UNTRACED_CORE,0,3,0,1.9561e9;10.0;2.83e-84
planck_length_ftrz,PRIMITIVE_PLUS_LITERALS,2,1,0,1e-35
plasma_beta_n_1196,PRIMITIVE_PLUS_LITERALS,12,2,0,2.7958;2.796
plasma_frequency,UNTRACED_CORE,0,3,0,1.602176634e-19;8.8541878128e-12;9.1093837015e-31
plasma_r0_over_a_1196,PRIMITIVE_PLUS_LITERALS,4,1,1,3.1
plasma_shield_ug2,PRIMITIVE_PLUS_LITERALS,1,1,0,8.8541878128e-12
plasmoid_batch_time,PRIMITIVE_PLUS_LITERALS,8,2,1,0.45;2090
plasmoid_frame_rate,PRIMITIVE_PLUS_LITERALS,7,1,1,33.333
plasmoid_photo_time,PRIMITIVE_PLUS_LITERALS,9,2,1,0.33;2091
plasmoid_retardation,ANCHORED_OR_DISCLOSED,0,6,1,100.0;1e4;3.3e-3;33.3;3e6
plasmotic_vacuum_scale_tev,UNTRACED_CORE,0,1,0,246.0
pn_dpm_macro_antenna,UNTRACED_CORE,0,10,0,1.267e50;1e20;2.017e13;2e-3;6.284e36;6.333e32
pochhammer_26_1161,UNTRACED_CORE,0,1,0,4.0329e26
polynomial_energy_level,ANCHORED_OR_DISCLOSED,0,1,1,10.0
pons_fleischmann_power,UNTRACED_CORE,0,2,0,1.602176634e-19;630.0
pons_fleischmann_rate,UNTRACED_CORE,0,3,0,3600;3600.0;6.8e28
pr_uqff_correction,PRIMITIVE_PLUS_LITERALS,1,1,0,1.1e-52
precession_tidal_pert,UNTRACED_CORE,0,3,0,0.9;1.5;30.0
pressure_cavity_decay,UNTRACED_CORE,0,1,0,3603
pressure_dispersal_gate,UNTRACED_CORE,0,2,0,0.15;3603
prime_string_ug3_term,UNTRACED_CORE,0,1,0,1e12
prob_order_pymander,ANCHORED_OR_DISCLOSED,0,1,1,0.570
proofset_catalog_1199,ANCHORED_OR_DISCLOSED,0,17,1,0.0392;0.5673;0.5773;0.6932;0.9152;0.9965
proofset_primitives,PRIMITIVE_PLUS_LITERALS,11,2,0,1199;1200
proton_electron_ratio,PRIMITIVE_PLUS_LITERALS,9,1,0,1836
proton_mass_alt_1209,PRIMITIVE_PLUS_LITERALS,4,2,0,12.0;25.0
proton_mass_integer,PRIMITIVE_PLUS_LITERALS,11,3,0,12.0;25.0;938.25
pseudo_monopole_density_n,PRIMITIVE_PLUS_LITERALS,2,1,0,26.0
psi_26d_master,UNTRACED_CORE,0,1,0,2026
pta_characteristic_strain,UNTRACED_CORE,0,3,0,14.74;3.17e-8
pta_gw_amplitude,UNTRACED_CORE,0,2,0,2.4e-15
pta_strain_index_exact,PRIMITIVE_PLUS_LITERALS,4,1,1,0.4375
pta_strain_index_method_b,PRIMITIVE_PLUS_LITERALS,4,1,1,0.4375
pulsar_dpm_lock,UNTRACED_CORE,0,6,0,1.812e-19;1.812e-9;1812;1812.0;1e12;60.4
pulsar_glitch_size,PRIMITIVE_PLUS_LITERALS,2,2,1,1e-9;3.26e-7
pulsar_lock_octaves,UNTRACED_CORE,0,3,0,1812.0;1e12;29.0
pyramid_angle_deg,UNTRACED_CORE,0,1,0,54.74
q26_constant_term,ANCHORED_OR_DISCLOSED,0,2,1,11.1;7.906e12
q_bridge_constant,UNTRACED_CORE,0,4,0,1.252e46;2.82e-56;3.53e-10
q_n_956,PRIMITIVE_PLUS_LITERALS,1,1,0,1.380649e-23
q_phonon_931,PRIMITIVE_PLUS_LITERALS,1,3,0,0.05;0.05e12;12.5
q_res_955,PRIMITIVE_PLUS_LITERALS,1,1,1,1.380649e-23
q_wave_gh,UNTRACED_CORE,0,12,0,1.054571817e-34;1.252e46;1006;1e-12;1e-6;1e10
qcalcgeom_1078,PRIMITIVE_PLUS_LITERALS,1,6,1,0.08e12;0.1e12;1.477e-8;13.0;1e-22;8.983e-3
qcalcgeom_rcross,PRIMITIVE_PLUS_LITERALS,1,1,0,1.0e-22
qg_term_826,ANCHORED_OR_DISCLOSED,0,1,1,1.054571817e-34
qgp_critical_temp,UNTRACED_CORE,0,3,0,1.5e12;1007
qgp_deconfinement_temp,UNTRACED_CORE,0,2,0,1007;106.0
qgp_viscosity_kss,UNTRACED_CORE,0,1,0,0.0796
qnm_decay_time,PRIMITIVE_PLUS_LITERALS,1,2,0,0.69;5.0
qnm_frequency_shift,UNTRACED_CORE,0,4,0,0.02;0.03;0.035;0.055
qnm_ringdown_shift,UNTRACED_CORE,0,2,0,0.95
qua_thermal_bound,UNTRACED_CORE,0,4,0,1.33e-54;7.7e-51;7.7e-58
quadratic_merger_amplification,UNTRACED_CORE,0,2,0,0.05;1.1025
quale_dimension,PRIMITIVE_PLUS_LITERALS,1,1,0,8192
quantum_chain_energies,UNTRACED_CORE,0,1,0,10.0
quantum_correction_factor,PRIMITIVE_PLUS_LITERALS,1,2,0,1.054571817e-34;9.1093837015e-31
quantum_term_741,ANCHORED_OR_DISCLOSED,0,2,1,1.054571817e-34;4.35e17
quantum_uncertainty_gravity,UNTRACED_CORE,0,1,0,1.054571817e-34
qvd_product_602,ANCHORED_OR_DISCLOSED,0,1,1,7.0
qwave81_stated,UNTRACED_CORE,0,6,0,4.2e4;4.8e4;6.33e4
r_11_mtheory_1145,PRIMITIVE_PLUS_LITERALS,2,6,1,0.504;1.71e3;31.623;5.42e4;5.444e4;8.66e-11
r_21_22_1175,PRIMITIVE_PLUS_LITERALS,1,7,0,0.010;0.10;0.144;1177;4.3333
r_aa_jet_quenching,PRIMITIVE_PLUS_LITERALS,4,1,1,0.2083
r_alfven_mhd,ANCHORED_OR_DISCLOSED,0,2,1,1.25663706212e-06;7.0
r_bh26_595,ANCHORED_OR_DISCLOSED,0,3,1,3.26;92e9
r_bh_level13,PRIMITIVE_PLUS_LITERALS,2,1,0,1e5
r_bubble_695,UNTRACED_CORE,0,3,0,0.6;0.88
r_crab_745,UNTRACED_CORE,0,4,0,1.5e6;3e15;4.6e16;4.89e16
r_cross_562,ANCHORED_OR_DISCLOSED,0,2,1,0.36;5.38e10
r_cross_980,PRIMITIVE_PLUS_LITERALS,2,3,1,2026;274.03;6.96e8
r_d_duality_1051,ANCHORED_OR_DISCLOSED,0,4,1,1110;1e-7;1e7;2026
r_dpm_prebigbang,UNTRACED_CORE,0,1,0,1e-11
r_e8_1146,PRIMITIVE_PLUS_LITERALS,1,2,1,2.29e-7;6.351e-3
r_echo_656,ANCHORED_OR_DISCLOSED,0,1,1,2.84e16
r_eq_579_he4,ANCHORED_OR_DISCLOSED,0,3,1,2.3e17;2.9;9.33e-8
r_freq_786,PRIMITIVE_PLUS_LITERALS,2,1,1,1.000285
r_frost_line,UNTRACED_CORE,0,3,0,170.0;2.718;280.0
r_h_bsfg,UNTRACED_CORE,0,3,0,1.62e8;1e-22;4.27e46
r_k_r_d_lepton_universality,PRIMITIVE_PLUS_LITERALS,7,2,0,0.854;1.292
r_merger_549,UNTRACED_CORE,0,2,0,1e-10;4.47e6
r_min_a_594,PRIMITIVE_PLUS_LITERALS,1,3,0,11.7;27.0;9.99e-6
r_min_b_594,UNTRACED_CORE,0,1,0,27.0
r_min_c_594,PRIMITIVE_PLUS_LITERALS,1,2,0,1.05e12;81.0
r_min_planck_645,PRIMITIVE_PLUS_LITERALS,2,2,0,1.616e-35;1.705e-34
r_n_26k_969,UNTRACED_CORE,0,1,0,6.0
r_n_dk_1080,PRIMITIVE_PLUS_LITERALS,1,2,1,5.92168e26;6.0
r_n_shell_964,UNTRACED_CORE,0,1,0,0.05
r_orbit_prime,ANCHORED_OR_DISCLOSED,0,3,1,28.9;7.42
r_overlap_grav_buoy,ANCHORED_OR_DISCLOSED,0,2,1,8.9e28;9.4e5
r_photon_645,ANCHORED_OR_DISCLOSED,0,1,1,1.5
r_q_26,PRIMITIVE_PLUS_LITERALS,2,1,0,0.0973
r_scalar_avg_566,UNTRACED_CORE,0,3,0,3.7e-112;4.4e26;6.0
r_shadow_613,ANCHORED_OR_DISCLOSED,0,5,1,0.018;1.018;3.87e10;52.1;8.55e36
r_snr_sedov_694,UNTRACED_CORE,0,3,0,0.4;1.15
r_soi_uqff,UNTRACED_CORE,0,1,0,2.36e19
r_tidal_690,UNTRACED_CORE,0,1,0,2026
radiation_pressure,PRIMITIVE_PLUS_LITERALS,1,1,0,5.670374419e-8
radiation_pressure_erad,PRIMITIVE_PLUS_LITERALS,1,1,0,1.37e-12
ram_pressure_wind,UNTRACED_CORE,0,4,0,1.67e-21;2e6;3603;6.68e-9
ramanujan_Rn_bound,UNTRACED_CORE,0,1,0,6.0
ramanujan_accel_953,UNTRACED_CORE,0,2,0,30.0;6.0
ramanujan_r26_binomial,PRIMITIVE_PLUS_LITERALS,2,1,0,26.0
rate_lenr_648,UNTRACED_CORE,0,1,0,1.054571817e-34
ratio_22_26_fact_1161,UNTRACED_CORE,0,1,0,2.79e-6
ratio_2pow26_26pow4,PRIMITIVE_PLUS_LITERALS,2,3,0,146.9;456976;67108864
rc_diversity,PRIMITIVE_PLUS_LITERALS,4,1,0,0.2083
reactor_cop_1236,ANCHORED_OR_DISCLOSED,0,3,1,15.03;27.083;555.0
reactor_p_input_1236,PRIMITIVE_PLUS_LITERALS,3,1,1,27.083
reactor_ph_1236,PRIMITIVE_PLUS_LITERALS,5,1,1,36.9167
redshift_gravitational_factor,ANCHORED_OR_DISCLOSED,0,4,1,0.001;0.0063;0.99374;1.001001
reheating_temperature,UNTRACED_CORE,0,3,0,0.75;100.0;30.0
reionization_phi_implied,PRIMITIVE_PLUS_LITERALS,2,11,1,0.169;0.755;0.854;0.924;12.0;1412
reionization_z_exact,PRIMITIVE_PLUS_LITERALS,3,9,1,0.7;0.84;12.0;25.0;7.00;7.7
relic_abundance,PRIMITIVE_PLUS_LITERALS,1,4,0,0.305;1.5
relic_dilution,PRIMITIVE_PLUS_LITERALS,1,1,0,1.754
relic_perturbation,UNTRACED_CORE,0,2,0,1e-4
remnant_fraction_549,UNTRACED_CORE,0,2,0,0.1832;18.32
reservoir_inventory,UNTRACED_CORE,0,1,0,1248
resonance_cascade,PRIMITIVE_PLUS_LITERALS,1,5,1,1.5;1.57;129.7
resonance_factor_ssq,PRIMITIVE_PLUS_LITERALS,1,1,0,0.3631
resonance_muge_total,UNTRACED_CORE,0,1,0,1.773e-9
rho_A_layer13,PRIMITIVE_PLUS_LITERALS,2,3,0,0.57;1.244e-23;10.0
rho_anti_collapse_605,PRIMITIVE_PLUS_LITERALS,1,3,0,2.53e-28;2.54e-28;9.8
rho_cluster_ratio_1133,PRIMITIVE_PLUS_LITERALS,1,4,0,1.6726e-27;1e35;3.345e8;4.72e44
rho_de_1086,PRIMITIVE_PLUS_LITERALS,2,5,0,0.692;26.0;86400;86400.0
rho_de_log10_589,UNTRACED_CORE,0,3,0,1e-26;4.5e708;708.65
rho_dot_star_567,ANCHORED_OR_DISCLOSED,0,6,1,0.015;0.133;0.178;1.9
rho_egg_density,UNTRACED_CORE,0,2,0,1e15;1e8
rho_exotic_1062,PRIMITIVE_PLUS_LITERALS,2,2,1,4.71e-28;6.99e-29
rho_icm_beta_976,UNTRACED_CORE,0,1,0,1.5
rho_kk_1171,UNTRACED_CORE,0,1,0,64.0
rho_kk_hbar_1173,PRIMITIVE_PLUS_LITERALS,1,4,1,0.16;1.0545718e-34;1.23;128.0
rho_ladder_1109,PRIMITIVE_PLUS_LITERALS,2,2,1,5.894e-27;6.0
rho_lambda_1212,PRIMITIVE_PLUS_LITERALS,5,1,1,5.96e-10
rho_lambda_26fact_kmex,PRIMITIVE_PLUS_LITERALS,4,5,1,0.0008;122.9;4.633e113;5.95695e-10;5.957e-10
rho_lambda_from_lambda,PRIMITIVE_PLUS_LITERALS,1,5,1,1.11e-9;1.1e-52;1226;5.3e-10;8.0
rho_lambda_kappa_ssq,PRIMITIVE_PLUS_LITERALS,1,1,0,1.0000000812
rho_min_618,PRIMITIVE_PLUS_LITERALS,1,2,0,27.0;9.67
rho_min_singularity,PRIMITIVE_PLUS_LITERALS,1,1,0,2.48e-30
rho_proton_core,PRIMITIVE_PLUS_LITERALS,7,1,0,2.146e-36
rho_qgp_970,PRIMITIVE_PLUS_LITERALS,3,1,0,2026
rho_r26_1170,PRIMITIVE_PLUS_LITERALS,1,3,0,1180;13.0;2026
rho_r26_component,PRIMITIVE_PLUS_LITERALS,1,2,0,13.0;1e8
rho_radiation_gstar,PRIMITIVE_PLUS_LITERALS,1,4,0,1.054571817e-34;1.380649e-23;10.0;30.0
rho_ratio_n18,PRIMITIVE_PLUS_LITERALS,2,3,0,0.0674;18.0;26.0
rho_react_720,ANCHORED_OR_DISCLOSED,0,6,1,0.001;13.68;1e15;9.864e14
rho_scm_t_890,PRIMITIVE_PLUS_LITERALS,4,1,0,2026
rho_shell_808,PRIMITIVE_PLUS_LITERALS,2,1,1,1.53e-37
rho_vac_energy_summation,PRIMITIVE_PLUS_LITERALS,1,2,0,10.0;633333.333
rho_vac_sum_877,PRIMITIVE_PLUS_LITERALS,1,1,1,7.799e-36
rho_vac_total,PRIMITIVE_PLUS_LITERALS,1,1,0,7.799e-36
rho_vac_ua_decay_rate,ANCHORED_OR_DISCLOSED,0,7,1,0.9577;1.11e-19;1.279e-35;3.5e-19;5.787e-9;6e-27
riemann_eps_max_log10_609,PRIMITIVE_PLUS_LITERALS,1,5,0,1e-676;1e26;27.0;675.4
riemann_r0r0_bsfg,UNTRACED_CORE,0,2,0,3.9e-13;6.0
riemann_t10000,PRIMITIVE_PLUS_LITERALS,1,2,1,9877.78265
ring_azimuthal_modulation,UNTRACED_CORE,0,2,0,1.5e19;8.44e7
ring_dr_implied,ANCHORED_OR_DISCLOSED,0,6,1,1.08e8;2.043e-7;3.4;3e3;5.683e26
ring_kepler_omega,UNTRACED_CORE,0,4,0,1.2e8;1.481e-4;11.78;5.683e26
ring_resonator_omega,ANCHORED_OR_DISCLOSED,0,7,1,1.650e-14;1.989e41;12.08;2.724e-29;38.1;5.22e-15
ring_tidal_g_saturn,UNTRACED_CORE,0,3,0,1.2e8;1.5e19;6.0268e7
ring_tidal_gradient,UNTRACED_CORE,0,3,0,1.08e8;1.8;5.683e26
ringdown_correction,PRIMITIVE_PLUS_LITERALS,1,2,0,1.0e-5;1e-5
room_temp_superconductor_1367,PRIMITIVE_PLUS_LITERALS,4,1,1,1e-13
rossi_ecat_cop,UNTRACED_CORE,0,7,0,10.0;20.0;2011;2014;2015;2016
rossi_ecat_cop_formula,UNTRACED_CORE,0,2,0,1.602176634e-19;630.0
rs_uqff_659,PRIMITIVE_PLUS_LITERALS,2,1,1,0.9
rvb_spin_liquid_threshold,PRIMITIVE_PLUS_LITERALS,2,1,0,0.506
s26_3_1000,PRIMITIVE_PLUS_LITERALS,2,9,1,0.0007;0.75;1.2;1.75;154030.8;156776.75
s26_cube_1100,PRIMITIVE_PLUS_LITERALS,1,2,0,0.0795;0.43
s26_exp_983,PRIMITIVE_PLUS_LITERALS,1,1,0,26.0
s26_gate_880,PRIMITIVE_PLUS_LITERALS,3,1,0,19.60
s26_series_computed,PRIMITIVE_PLUS_LITERALS,2,1,1,1.4531e26
s26_third_order,PRIMITIVE_PLUS_LITERALS,1,3,1,0.57;1.4531e26
s26_z26_1078,PRIMITIVE_PLUS_LITERALS,1,4,1,156776.75;5.92e26;9.500e-2
s26_z_959,PRIMITIVE_PLUS_LITERALS,1,1,0,2026
s_bh_scm_1095,PRIMITIVE_PLUS_LITERALS,1,2,1,1.380649e-23;1.616e-35
s_heaviside_1119,PRIMITIVE_PLUS_LITERALS,3,4,0,0.01;1e13
s_ladder_986,PRIMITIVE_PLUS_LITERALS,1,1,0,26.0
s_scm_666,PRIMITIVE_PLUS_LITERALS,1,1,0,1.380649e-23
s_shell_746,ANCHORED_OR_DISCLOSED,0,1,1,0.20
s_uqff_action_1210,UNTRACED_CORE,0,2,0,1220;2026
s_vacuum_808,PRIMITIVE_PLUS_LITERALS,2,2,0,10.0;2026
sacred_omega_table,UNTRACED_CORE,0,13,0,1.6180339887;144000.0;360.0;365.25;7.0;7.83
sacred_resonance_r7,ANCHORED_OR_DISCLOSED,0,9,1,1.6180339887;360.0;40.0;7.0;7.83;7200
saturn_ring_lifetime,UNTRACED_CORE,0,3,0,1.109e8;6.43e-36
sc_gap_scm,UNTRACED_CORE,0,3,0,1.054571817e-34;1.25e12;1.380649e-23
scaling_laws_1211,ANCHORED_OR_DISCLOSED,0,1,1,92.9
schumann_mode_freq,PRIMITIVE_PLUS_LITERALS,1,3,1,10.6;6.371e6;7.83
schwarzschild_bound_check,UNTRACED_CORE,0,2,0,1.485e-27
schwinger_enhanced_field_1435,PRIMITIVE_PLUS_LITERALS,3,4,1,0.0262;1.2197e18;1.22e18;1.32e18
scm_activation_temp,UNTRACED_CORE,0,5,0,1.25;1.25e12;1.380649e-23;59.95;6.62607015e-34
scm_complement_identity,PRIMITIVE_PLUS_LITERALS,2,2,1,0.9;6302
scm_compression_spike,UNTRACED_CORE,0,1,0,6.0
scm_core_pressure,UNTRACED_CORE,0,3,0,1e15;1e28;1e8
scm_density_ladder,PRIMITIVE_PLUS_LITERALS,1,1,0,10.0
scm_density_power_law,PRIMITIVE_PLUS_LITERALS,1,3,1,0.4;0.66;1e15
scm_jet_velocity,PRIMITIVE_PLUS_LITERALS,1,4,0,0.99;2.968e8;7.09
scm_kinematic_viscosity,UNTRACED_CORE,0,1,0,1e8
scm_mass_modified,ANCHORED_OR_DISCLOSED,0,2,1,1745;2013
scm_multiplier_enhancement,UNTRACED_CORE,0,1,0,0.99
scm_oscillation_period,PRIMITIVE_PLUS_LITERALS,2,1,0,54.8
scm_phase_gate,UNTRACED_CORE,0,1,0,1e13
scm_reactor_efficiency,UNTRACED_CORE,0,4,0,1e-23;1e15;2.968e8
scm_stability_l13_1115,PRIMITIVE_PLUS_LITERALS,1,4,1,0.49;0.7483;0.75202;1116
scm_thermal_activation,UNTRACED_CORE,0,3,0,5.0;59.95
sector_eom,UNTRACED_CORE,0,2,0,1210;2026
sector_vev,PRIMITIVE_PLUS_LITERALS,1,1,0,1e-18
semf_binding_observed,ANCHORED_OR_DISCLOSED,0,5,1,0.711;11.18;15.75;17.80;23.70
semf_coulomb_term,ANCHORED_OR_DISCLOSED,0,1,1,0.711
semf_surface_term,ANCHORED_OR_DISCLOSED,0,1,1,17.80
semf_volume_term,ANCHORED_OR_DISCLOSED,0,1,1,15.75
sersic_k_815,UNTRACED_CORE,0,8,0,0.94;0.954;10.465;73.32
sf_efficiency_boost_1438,PRIMITIVE_PLUS_LITERALS,2,5,1,0.79;0.84;1.7361;1.75
sfe_runaway,UNTRACED_CORE,0,2,0,1.5
sfr_factor_mass,ANCHORED_OR_DISCLOSED,0,5,1,10.0;1792;1e-9;1e10;1e8
sfr_runaway_factor,ANCHORED_OR_DISCLOSED,0,2,1,11.0;1e4
sfr_uqff_resonant,UNTRACED_CORE,0,1,0,1.4
sgr0501_muge_stated,UNTRACED_CORE,0,15,0,0501;1000.0;1e10;1e28;1e4;4.474e12
sgr1745_bh_tidal,ANCHORED_OR_DISCLOSED,0,6,1,0.92;1745;2.83e16;2900;4e6;6.63e-7
sgra_gravity_decomposition,UNTRACED_CORE,0,4,0,5.0e-4;700.0;8.21e8;86400.0
shadow_deflection_1025,PRIMITIVE_PLUS_LITERALS,1,2,0,0.013;0.025
sheath_potential_ratio_1196,PRIMITIVE_PLUS_LITERALS,8,3,0,0.0528;2.8385;2.84
shell_layer_triple,ANCHORED_OR_DISCLOSED,0,4,1,5.22e10;7.54e10
shock_jump_phonon_1040,UNTRACED_CORE,0,2,0,1050;2026
shock_jump_uqff_1040,UNTRACED_CORE,0,1,0,1e-24
shots_4d_563,UNTRACED_CORE,0,2,0,1e8
sidm_interaction_rate,UNTRACED_CORE,0,1,0,1.25
sigma8_uqff_1176,PRIMITIVE_PLUS_LITERALS,3,6,1,0.5606;0.760;0.7851;0.811
sigma_breit_wheeler,UNTRACED_CORE,0,1,0,2.8179403262e-15
sigma_bulge_693,ANCHORED_OR_DISCLOSED,0,1,1,5.0
sigma_dwarf_1124,ANCHORED_OR_DISCLOSED,0,5,1,0.20;1e5;30.0;4.38
sigma_higgs_modes_1120,ANCHORED_OR_DISCLOSED,0,15,1,0.011;0.046;0.068;0.872;0.997;1130
sigma_hoop_689,UNTRACED_CORE,0,1,0,1.25663706212e-06
sigma_kozima_881,PRIMITIVE_PLUS_LITERALS,2,1,0,1e-4
sigma_li7_survival_2158,PRIMITIVE_PLUS_LITERALS,3,2,1,0.070;0.316
sigma_n10_1152,ANCHORED_OR_DISCLOSED,0,2,1,1760
sigma_n_840,PRIMITIVE_PLUS_LITERALS,1,2,1,1e-4
sigma_n_scm_923,PRIMITIVE_PLUS_LITERALS,2,1,0,26.0
sigma_rho_840,UNTRACED_CORE,0,3,0,1e-22;1e-4;2026
sigma_scm_frequency,PRIMITIVE_PLUS_LITERALS,1,4,0,1e-28;26.0;50e9;7.85e12
sigma_uqff_26,PRIMITIVE_PLUS_LITERALS,1,5,1,0.566;0.57;26.0;3.70e14;9.74e6
simulation_suppression,PRIMITIVE_PLUS_LITERALS,2,1,0,1.624e-37
sin2_thetaw_base_641,ANCHORED_OR_DISCLOSED,0,2,1,0.01990;0.99
sin2_thetaw_corr_641,ANCHORED_OR_DISCLOSED,0,4,1,0.0855;0.2304;0.99
slow_roll_1073,UNTRACED_CORE,0,1,0,8.0
smbh_flare_frequency,PRIMITIVE_PLUS_LITERALS,13,1,0,1800
sn1006_stated,UNTRACED_CORE,0,11,0,1.25;1006;1019.0;1e-12;2.11e208;3e6
sn_epsilon_ratio,ANCHORED_OR_DISCLOSED,0,3,1,1.2;1.2e-10;1e10
sn_lightcurve_resonant,UNTRACED_CORE,0,3,0,1e43;2.592e6;3.5
sn_term_824,UNTRACED_CORE,0,1,0,3.2e-12
snr_dilution_factor,UNTRACED_CORE,0,4,0,1.5e6;1.884;5.2e16;6.69
so5_half_composition,PRIMITIVE_PLUS_LITERALS,6,1,0,2015
so5_power15_reactor,PRIMITIVE_PLUS_LITERALS,6,1,1,1e15
so5_power_ladder,PRIMITIVE_PLUS_LITERALS,12,1,1,2092
solar_cycle_frequency,UNTRACED_CORE,0,3,0,1.81e-8;11.0;3.156e7
solar_surface_gravity,UNTRACED_CORE,0,1,0,6.96e8
solar_tidal_hubble_coupling,ANCHORED_OR_DISCLOSED,0,4,1,1.3222;1.43e12;2.09e-5;2.2685e-18
solar_tidal_ratio,ANCHORED_OR_DISCLOSED,0,4,1,1.43e12;5.683e26;6.0268e7;6.22e-6
solfeggio_freq_853,UNTRACED_CORE,0,9,0,174.0;285.0;396.0;417.0;528.0;639.0
spectral_comb_frequency,PRIMITIVE_PLUS_LITERALS,1,5,0,1.269e-14;1.3e-21;1745;1e-15;2027
spectral_index_shift_uqff,UNTRACED_CORE,0,3,0,0.296;0.314;1.296
spectral_ladder_extrema_stated,ANCHORED_OR_DISCLOSED,0,8,1,1.048e-21;1.708e-66;1.863e-84;1.991e12
spectral_tilt_slow_roll,UNTRACED_CORE,0,4,0,0.0042;0.9649;2018;6.0
sphaleron_energy_1442,PRIMITIVE_PLUS_LITERALS,2,1,1,0.875
sphere_from_chaos_variance,PRIMITIVE_PLUS_LITERALS,4,4,1,13e-8;1e-4;5e-9
spin_reaction_rate,UNTRACED_CORE,0,2,0,1745;3.76
spinor_dim_1229,PRIMITIVE_PLUS_LITERALS,1,1,1,8192
spiral_pattern_period,UNTRACED_CORE,0,2,0,6.483e-16;9.692e15
spooky_action_force,UNTRACED_CORE,0,1,0,1.25e12
sqrt_two_pi_1199,PRIMITIVE_PLUS_LITERALS,11,3,0,0.0614;2.5066283;2.508167
ssq_first_principles_1154,PRIMITIVE_PLUS_LITERALS,4,4,0,0.34;0.57191;1.06066;9.0
ssq_layer_sum_norm,PRIMITIVE_PLUS_LITERALS,1,1,0,2.30
ssq_log_form_196,PRIMITIVE_PLUS_LITERALS,2,1,0,0.57
ssq_origin_identity,UNTRACED_CORE,0,3,0,0.57;0.755
ssq_planck_form,UNTRACED_CORE,0,6,0,0.265;0.3869;0.622;0.685
ssq_reconciliation_estimate,ANCHORED_OR_DISCLOSED,0,6,1,0.118;0.57;113.0;13.3;23.4
stability_factor_667,PRIMITIVE_PLUS_LITERALS,2,3,0,1.111;2.718;30.2
stable_nucleus_573,UNTRACED_CORE,0,2,0,0.18
stam_diffusion_alpha,UNTRACED_CORE,0,1,0,1e-4
standing_traveling_ratio,UNTRACED_CORE,0,3,0,0.2277;13.8
star_magic_reactor_cop,UNTRACED_CORE,0,1,0,555.0
starburst_mass_fraction,PRIMITIVE_PLUS_LITERALS,6,1,1,0.15
stefan_boltzmann_1209ee,PRIMITIVE_PLUS_LITERALS,8,2,1,5.67;5.67e-8
stefan_boltzmann_rad_pressure,PRIMITIVE_PLUS_LITERALS,1,5,1,1e4;2.52;4.347e-5;5.6704e-8;5e4
stellar_dpm_moment,UNTRACED_CORE,0,2,0,0.4
stellar_mass_gas_accretion,UNTRACED_CORE,0,2,0,3.33;41.7
stellar_mass_ladder,PRIMITIVE_PLUS_LITERALS,7,1,1,2029
sterile_mass_ladder,PRIMITIVE_PLUS_LITERALS,1,2,1,11600.0;80.377
sterile_neutrino_mass_ew,PRIMITIVE_PLUS_LITERALS,1,2,0,45.8;80.4
sterile_neutrino_mass_gut,PRIMITIVE_PLUS_LITERALS,1,2,0,11.6;20.4
stochastic_omega_mixed_population,UNTRACED_CORE,0,3,0,0.111;0.4;0.66
strain_damping_resonant,PRIMITIVE_PLUS_LITERALS,1,3,0,0.47;1.4531e26
strain_reduction_pct,UNTRACED_CORE,0,1,0,100.0
string_field_bj,UNTRACED_CORE,0,2,0,0.4
string_lens_source_1028,PRIMITIVE_PLUS_LITERALS,1,1,0,8.0
string_tension_qcd,PRIMITIVE_PLUS_LITERALS,2,3,1,0.0981;0.19;0.217
successor_ratio_identity,PRIMITIVE_PLUS_LITERALS,4,1,1,1.1
suite_completeness,PRIMITIVE_PLUS_LITERALS,1,3,1,1.0e-20;10.0;633333.333
suite_exponent_pin,UNTRACED_CORE,0,1,0,2026
sum_m_nu_normal_hierarchy,PRIMITIVE_PLUS_LITERALS,6,2,0,0.0613;0.12
sun_fu_validation_values,ANCHORED_OR_DISCLOSED,0,12,1,2.03e22;2.26e16;3.55e45;8.74e33;9.26e22;9.83e6
super_virial_ratio,UNTRACED_CORE,0,5,0,1.1e6;1100;2.27;2.5e6;2500
superfluid_healing_length,UNTRACED_CORE,0,1,0,1.054571817e-34
supplee_buoyancy_correction,PRIMITIVE_PLUS_LITERALS,3,1,0,1.3135
suppression_factors_665,PRIMITIVE_PLUS_LITERALS,2,2,1,0.9;1.1
surface_temp_from_lx,UNTRACED_CORE,0,4,0,1.16e7;1745;1e4;5.6704e-8
t21_scs_1115,UNTRACED_CORE,0,2,0,2.725
t2_scm_coh_1101,PRIMITIVE_PLUS_LITERALS,2,6,1,0.0239;1.0545718e-34;1.25e12;1.380649e-23;5.17;8.27e-22
t2_trz_doubled,UNTRACED_CORE,0,2,0,1.1
t_21cm_dark_age,PRIMITIVE_PLUS_LITERALS,4,1,1,289.4
t_adj_h_604,PRIMITIVE_PLUS_LITERALS,1,9,1,0.85;1e-20;1e-28;26.0;3.5e2;353.6
t_c_950,PRIMITIVE_PLUS_LITERALS,1,5,1,1.0545718e-34;1.13;1.380649e-23;1.764
t_c_mub_973,ANCHORED_OR_DISCLOSED,0,4,1,1.5;1200;1200.0
t_c_room_temp_sc,PRIMITIVE_PLUS_LITERALS,4,3,0,1.380649e-23;3141;6.62607015e-34
t_cnub,PRIMITIVE_PLUS_LITERALS,2,4,0,1.945;1.9536;11.0;2.725
t_coherence_photosynthesis,PRIMITIVE_PLUS_LITERALS,2,3,0,1.380649e-23;448.7;6.62607015e-34
t_df_696,ANCHORED_OR_DISCLOSED,0,2,1,1.17
t_disk_au,UNTRACED_CORE,0,1,0,280.0
t_end_808,UNTRACED_CORE,0,7,0,10.38;13.8;143.2;65.25;900.5
t_flip_954,PRIMITIVE_PLUS_LITERALS,1,1,1,0.064
t_hawking_bsfg,ANCHORED_OR_DISCLOSED,0,3,1,1.054571817e-34;1.380649e-23;3.37e-12
t_hawking_gr,ANCHORED_OR_DISCLOSED,0,4,1,1.054571817e-34;1.380649e-23;6.17e-8;8.0
t_hawking_uqff_1233,PRIMITIVE_PLUS_LITERALS,6,5,1,0.53;1.0545718e-34;1.380649e-23;1234;25.133
t_j_triangular_621,ANCHORED_OR_DISCLOSED,0,2,1,1.507e66;2.38e67
t_neg_720,UNTRACED_CORE,0,3,0,13.68;3.63e-4;3.75e-4
t_neg_solve_597,UNTRACED_CORE,0,5,0,1e10;1e5;2e8;3e7;9.99e-6
t_pi_cycle_1110,UNTRACED_CORE,0,4,0,0.4445;1120;14.1347;2026
t_postshock_1122,ANCHORED_OR_DISCLOSED,0,4,1,1.380649e-23;1.6726219e-27;1123;16.0
t_ring_702,ANCHORED_OR_DISCLOSED,0,1,1,2.043e-7
t_ring_tidal_743,ANCHORED_OR_DISCLOSED,0,4,1,1.54e19;1e8;2.05e-9;2.06e-15
t_stab_547,UNTRACED_CORE,0,1,0,1e8
t_string_scm_1142,PRIMITIVE_PLUS_LITERALS,3,6,1,0.07;1.4531e26;1148;1e5;8.654e-11;8.66e-11
t_trz_729,ANCHORED_OR_DISCLOSED,0,2,1,10.0;13.0
t_uqff_662,PRIMITIVE_PLUS_LITERALS,2,1,1,0.99
t_uqff_hawking_645,PRIMITIVE_PLUS_LITERALS,1,4,1,1.054571817e-34;1.380649e-23;6.2e-8;8.0
t_uqff_mod_683,PRIMITIVE_PLUS_LITERALS,2,1,0,0.99
t_v26_1112,UNTRACED_CORE,0,3,0,0.0758;31250.0;8.0
tau_acc_821,UNTRACED_CORE,0,1,0,1e5
tau_cp_phase,PRIMITIVE_PLUS_LITERALS,1,1,0,1.79
tau_dvp_exponent_570,PRIMITIVE_PLUS_LITERALS,1,4,0,1.2e5;1.4e20;2026;4.4e26
tau_edm,UNTRACED_CORE,0,3,0,1.84e-20;1e-37
tau_g2_anomaly,UNTRACED_CORE,0,2,0,3.42e-6
tau_half_superheavy_577,UNTRACED_CORE,0,1,0,10.0
tau_maser_1123,ANCHORED_OR_DISCLOSED,0,2,1,1.380649e-23;6.62607015e-34
tau_neutron_beam_2157,ANCHORED_OR_DISCLOSED,0,5,1,0.0018;0.007;2.20;887.684;887.70
tau_neutron_bottle_2157,PRIMITIVE_PLUS_LITERALS,2,6,1,0.021;0.28;0.66;10.0;877.565;877.75
tau_pi_653,PRIMITIVE_PLUS_LITERALS,2,3,1,1.054571817e-34;5.51e-23;5.52e-24
tau_proton_decay,PRIMITIVE_PLUS_LITERALS,5,3,0,1.0545718e-34;1.6726219e-27;6.16e36
tau_rd_673,PRIMITIVE_PLUS_LITERALS,2,2,1,1.1e14;1e13
tau_reion_shift_1026,ANCHORED_OR_DISCLOSED,0,2,1,0.002
tau_scm_lifetime,UNTRACED_CORE,0,3,0,2e4;54.8;5e-5
tau_spiral_torque,UNTRACED_CORE,0,4,0,0.01;2.046;6.483e-16;6.483e-18
tau_std_hawking_661,ANCHORED_OR_DISCLOSED,0,3,1,1.054571817e-34;5120;5120.0
tau_uqff_bh_661,PRIMITIVE_PLUS_LITERALS,2,3,0,1.111;30.2;700.0
tau_wh_664,PRIMITIVE_PLUS_LITERALS,2,2,0,1.111;700.0
tde_fallback_rate,UNTRACED_CORE,0,1,0,5.0
tde_tidal_radius,ANCHORED_OR_DISCLOSED,0,2,1,7e10;7e8
tensor_to_scalar_ratio,UNTRACED_CORE,0,2,0,0.036;16.0
tera_z_deviation,UNTRACED_CORE,0,3,0,1.77686;1e-7;91.19
thermal_entropy_rate,PRIMITIVE_PLUS_LITERALS,1,2,0,1.054571817e-34;240.0
theta_26state_738,UNTRACED_CORE,0,4,0,3.346;6.35;90.0
theta_bib_stated,ANCHORED_OR_DISCLOSED,0,3,1,2.017e-8
theta_cumulative_582,UNTRACED_CORE,0,1,0,8.2e-59
theta_half_942,UNTRACED_CORE,0,3,0,12.5;2.4;30.0
theta_qcd_strong_cp,PRIMITIVE_PLUS_LITERALS,6,2,0,1e-10;3.92e-32
theta_ring_816,ANCHORED_OR_DISCLOSED,0,3,1,27.0;8.9;9.9
theta_shadow_1237,ANCHORED_OR_DISCLOSED,0,1,1,8e-36
thz_double_gate_max,UNTRACED_CORE,0,1,0,0.74
thz_fifth_harmonic,PRIMITIVE_PLUS_LITERALS,1,3,0,1.25e12;5.0;6.25
thz_gate_enhancement,UNTRACED_CORE,0,5,0,1.2;1.25;1.2e12;1.44;1e12
thz_geometric_differential,ANCHORED_OR_DISCLOSED,0,5,1,2.066e60;2.156e-28;2.156e-41;3.333e6;8.59
thz_resonance_q,UNTRACED_CORE,0,2,0,62.4
thz_shock_force,UNTRACED_CORE,0,2,0,1.25e12;14400
tidal_deformability_phonon,PRIMITIVE_PLUS_LITERALS,1,1,0,1.0e-3
tilt_factor_1_12,PRIMITIVE_PLUS_LITERALS,2,2,1,5.0;6.0
tilt_saturation_ratio,UNTRACED_CORE,0,2,0,116.0;59.0
time_varying_magnetic_moment,UNTRACED_CORE,0,4,0,0.4;1e-4;6.96e8
tokamak_aspect_ratio_1196,PRIMITIVE_PLUS_LITERALS,4,1,1,3.1
tokamak_set_1196,ANCHORED_OR_DISCLOSED,0,2,1,0.16;3.1
transcendental_cascade_1208,PRIMITIVE_PLUS_LITERALS,3,5,1,0.5772156649015329;1.2020569031595943;10.0;100.0;6.0
trapezium_erosion_time,UNTRACED_CORE,0,4,0,1.18e17;1e18;28.47;8e3
triadic_26layer_stated,UNTRACED_CORE,0,10,0,0.268;2.38e13;4.11e-9;4.512;4.645;9.157e11
triadic_fug1_westerlund,ANCHORED_OR_DISCLOSED,0,6,1,0.001;0.8701;0.999;1.89e16;2.43e-40;2.44e-37
triadic_g_99system,PRIMITIVE_PLUS_LITERALS,1,1,0,1.0e-4
triadic_resonance_amplitude,PRIMITIVE_PLUS_LITERALS,1,1,0,26.0
triadic_stated_solutions,UNTRACED_CORE,0,17,0,1.12e-42;2.29e-41;2.43e-40;3.78e-6;3.95e-41;6.14e-32
triadic_weights,UNTRACED_CORE,0,1,0,1e-300
troyon_beta_n_1196,PRIMITIVE_PLUS_LITERALS,11,3,0,0.1488;2.7958;2.8
ts00_five_component,UNTRACED_CORE,0,9,0,1.27e20;1e-23;1e15;2.968e8;3.828e26;3e4
ts00_solar_flux,ANCHORED_OR_DISCLOSED,0,6,1,1.27e3;1.496e11;2.8e9;3.828e26;4.54e-6
ts00_sun_559,ANCHORED_OR_DISCLOSED,0,2,1,1.27e20;6.96e8
ts00_two_component,UNTRACED_CORE,0,5,0,1.11127e7;1.112e7;1.11e7;1.127e7;1.27e3
two_envelopes_asymmetry,PRIMITIVE_PLUS_LITERALS,3,1,0,0.0603
u_g1_psr_1126,ANCHORED_OR_DISCLOSED,0,4,1,1.4;1e8;2.786e30;2.786e34
u_h_level18_1113,PRIMITIVE_PLUS_LITERALS,1,4,0,1.79e18;1120;18.0;26.0
u_i_700,PRIMITIVE_PLUS_LITERALS,2,1,1,2026
u_i_877,PRIMITIVE_PLUS_LITERALS,1,1,1,10.0
u_i_canonical_646,PRIMITIVE_PLUS_LITERALS,3,2,1,2.5e-6;2.75e-7
u_i_dimensional_646,PRIMITIVE_PLUS_LITERALS,2,4,1,1.38;1.38e-47;1.38e-77;2.5e-6
u_i_galactic_807,PRIMITIVE_PLUS_LITERALS,1,2,0,0.063;2.59e-9
u_i_kb716_stated,UNTRACED_CORE,0,2,0,8.05e-80
u_i_net_749,ANCHORED_OR_DISCLOSED,0,5,1,0.138;1.38;1.382e-31;1.38e-47;1e46
u_m_agn_807,PRIMITIVE_PLUS_LITERALS,1,2,1,0.001;1.25663706212e-06
u_m_amplifier_1181,UNTRACED_CORE,0,3,0,1e13;1e15
u_m_scm_energy_density,PRIMITIVE_PLUS_LITERALS,1,1,1,6.373e-20
u_over_ua_canonical_500,PRIMITIVE_PLUS_LITERALS,2,1,1,1e-4
ua_coupling_solar_wind,UNTRACED_CORE,0,2,0,0.0145;1e-2
ua_distance_correction,UNTRACED_CORE,0,3,0,0.043;4.3
ua_k_603,UNTRACED_CORE,0,2,0,5.0
ua_sound_speed,UNTRACED_CORE,0,2,0,5.0;5e5
ub1_650,PRIMITIVE_PLUS_LITERALS,1,5,1,0.002;0.6;1.94e27;2.77e-6;8e-21
ub_at_eq_630,ANCHORED_OR_DISCLOSED,0,3,1,1e10;1e7;2026
ub_mi_812_stated,UNTRACED_CORE,0,2,0,3.08e-18
ub_split_monopole,ANCHORED_OR_DISCLOSED,0,1,1,8.0
ubi_kappa_ssq_g,PRIMITIVE_PLUS_LITERALS,1,7,0,1.9994e18;2.0e18;2.85e-4;5.7e14
ubi_thread_730,PRIMITIVE_PLUS_LITERALS,1,1,0,2026
ubi_wind_coupled_full,PRIMITIVE_PLUS_LITERALS,1,6,0,0.001;2.55e20;7.3e-16;8.15e36;8e-21;8e-24
ug1_26th_factorial,PRIMITIVE_PLUS_LITERALS,1,1,0,4.033e26
ug1_compact_193,UNTRACED_CORE,0,1,0,1.5
ug1_dpm_defect_full,UNTRACED_CORE,0,5,0,0.001;0.01;1.5;2025
ug1_magnetic,UNTRACED_CORE,0,1,0,8.0
ug1_toroidal,UNTRACED_CORE,0,1,0,1.5
ug2_647,PRIMITIVE_PLUS_LITERALS,1,6,1,1.18e53;1.2;1.496e13;1e46;4.16e18;5001.0
ug2_band_655,ANCHORED_OR_DISCLOSED,0,1,1,8.8541878128e-12
ug2_compact_193,UNTRACED_CORE,0,2,0,1.2;2.958e8
ug2_kb_716,ANCHORED_OR_DISCLOSED,0,3,1,1.25663706212e-06;1.257;6.29e5
ug3_disk_field,UNTRACED_CORE,0,2,0,0.4
ug3_string_disk_full,UNTRACED_CORE,0,1,0,1.8
ug4_bh_545,ANCHORED_OR_DISCLOSED,0,1,1,2.462e4
ug4_compact_193,UNTRACED_CORE,0,1,0,1e15
ug4_extended_value,UNTRACED_CORE,0,2,0,4.219e-10
ug4_fp_agn_720_stated,UNTRACED_CORE,0,5,0,2026;7.64e-6;8.40e-6
ug4_lambda_mass_density,UNTRACED_CORE,0,5,0,1.1e-52;1e-4;6.0e-27;6e-27;8.0
ug4_nebula_719_stated,ANCHORED_OR_DISCLOSED,0,4,1,1.69e-2;3.49e-6
ug4_split_13,UNTRACED_CORE,0,3,0,1.496e6;3.878e19;5.80e26
ug4_star_bh_full,ANCHORED_OR_DISCLOSED,0,4,1,2.55e20;6e-27;8.15e36
ug4i_age_threshold,ANCHORED_OR_DISCLOSED,0,8,1,1046;13.9;1e-6;1e46;2.39e5;2.78e4
ug4i_reaction_resonance,UNTRACED_CORE,0,5,0,0.0005;1e46;86400;86400.0
ug4i_thz_733,PRIMITIVE_PLUS_LITERALS,1,5,1,0.001923;1.054571817e-34;1e-9;3.487e-16
ug4i_transient_decay,UNTRACED_CORE,0,3,0,1046;1e46
ug_activation_threshold,PRIMITIVE_PLUS_LITERALS,1,1,0,10.0
uh_856,PRIMITIVE_PLUS_LITERALS,2,5,1,0.01;1.539e-32;1.585e-8;4.79e-46;96.25
ui_complex_bifurcation,PRIMITIVE_PLUS_LITERALS,3,7,1,0.001;1.38e-47;1.45e-47;1e-51;2.5e-6;2.75e-7
ulp_burst_intensity,PRIMITIVE_PLUS_LITERALS,1,1,0,26.0
ultralight_dm_mass_ev,UNTRACED_CORE,0,4,0,1.054571817e-34;1.602176634e-19;3.81e-24;86400.0
um_corrected_727,ANCHORED_OR_DISCLOSED,0,2,1,3.0e5;3e5
um_electron_moment,UNTRACED_CORE,0,2,0,9.284e-24
um_general_variant,UNTRACED_CORE,0,1,0,5e-5
um_heaviside_196,PRIMITIVE_PLUS_LITERALS,1,4,0,1e13;3.78e-6
um_kb_721,UNTRACED_CORE,0,3,0,1e13
um_luminosity,PRIMITIVE_PLUS_LITERALS,2,1,0,0.0341
um_magnetism_base,UNTRACED_CORE,0,1,0,1072
um_quasi_beating,UNTRACED_CORE,0,2,0,1e-8;1e13
um_rotor_torque_term,UNTRACED_CORE,0,4,0,0.8;1e-10;5e-5;8.19e-21
um_string_network,UNTRACED_CORE,0,2,0,5e-5
um_sun_calibrated,ANCHORED_OR_DISCLOSED,0,8,1,0.4;1.587e-8;1e-4;2.26e19;9.04e16
um_suppression_550,UNTRACED_CORE,0,5,0,1e-15;1e-345;2026;23.0
universal_decay_rate_196,PRIMITIVE_PLUS_LITERALS,2,3,0,0.0583;0.0999;26.0
universal_inertial_operator,PRIMITIVE_PLUS_LITERALS,2,1,0,2.75e-7
universe_diameter_gly,ANCHORED_OR_DISCLOSED,0,3,1,0.002;93.016
unruh_temperature_factor,PRIMITIVE_PLUS_LITERALS,3,1,0,0.924
up_quark_mass_a5,PRIMITIVE_PLUS_LITERALS,4,4,1,1000.0;11.42;2.16;2.407
uqff_amplification_656,PRIMITIVE_PLUS_LITERALS,2,1,1,1.1
uqff_axioms,PRIMITIVE_PLUS_LITERALS,1,1,1,0.603
uqff_comp_invariants,UNTRACED_CORE,0,2,0,1.5;27.0
v10_benchmark_958,UNTRACED_CORE,0,1,0,450000.0
v11_benchmark_968,UNTRACED_CORE,0,1,0,500000.0
v12_benchmark_977,UNTRACED_CORE,0,1,0,501000.0
v13_benchmark_997,UNTRACED_CORE,0,1,0,550000.0
v15_benchmark_1018,UNTRACED_CORE,0,3,0,1030;2026;650000.0
v23_benchmark_1091,UNTRACED_CORE,0,2,0,1097;900000.0
v25_effective_1099,UNTRACED_CORE,0,8,0,0.05;0.92;0.97;1.07;1.113
v8_benchmark_938,UNTRACED_CORE,0,2,0,2026;350000.0
v9_benchmark_948,UNTRACED_CORE,0,1,0,400000.0
v_circ_muge_1075,ANCHORED_OR_DISCLOSED,0,1,1,0.717
v_ckm_634,ANCHORED_OR_DISCLOSED,0,1,1,39.2e-3
v_exp_586,UNTRACED_CORE,0,1,0,700.0
v_higgs_vev_1218,PRIMITIVE_PLUS_LITERALS,9,2,1,243.75;246.22
v_higgs_vev_integer_1218b,PRIMITIVE_PLUS_LITERALS,5,5,1,0.089;243.75;246.0;246.22;4.1
v_layer_log10_871,ANCHORED_OR_DISCLOSED,0,2,1,219.7;220.4
v_ph_string_1128,PRIMITIVE_PLUS_LITERALS,1,1,0,1.4531e26
v_ratio_boyle_808,PRIMITIVE_PLUS_LITERALS,3,3,1,0.02069;0.3249;1.570
v_rotation_excess,ANCHORED_OR_DISCLOSED,0,7,1,1.671;1.989e41;119.7;2.0e5;6302;67.1
v_scm_radial_808,PRIMITIVE_PLUS_LITERALS,1,4,1,100.0;2026;500.0;9.98
v_sector_lagrangian,PRIMITIVE_PLUS_LITERALS,2,1,0,24.0
v_sedov_1192,ANCHORED_OR_DISCLOSED,0,2,1,0.4
v_shock_rankine_1040,ANCHORED_OR_DISCLOSED,0,13,1,0.28;0.4;0.61;0.7;1.602176634e-16;1.6726219e-27
v_shock_snr_1192,UNTRACED_CORE,0,5,0,0.4;0.6;1.380649e-23;1.6726219e-27;16.0
v_sound_icm_1149,UNTRACED_CORE,0,6,0,0.6;1.602176634e-16;1.6726219e-27;3.62;5.0
v_thermal_mean,ANCHORED_OR_DISCLOSED,0,5,1,1.380649e-23;1.88e3;3.6e3;3e-27;8.0
v_uqff_potential_700,PRIMITIVE_PLUS_LITERALS,2,1,1,0.99
v_wind_master_902,PRIMITIVE_PLUS_LITERALS,3,2,1,1.3;1e11
v_wind_uqff_695,PRIMITIVE_PLUS_LITERALS,2,2,1,1.1;3.479
v_zero_offset_1168,PRIMITIVE_PLUS_LITERALS,2,4,0,1.477e-36;1169;1170;2.48e-27
vac_fraction_651_stated,ANCHORED_OR_DISCLOSED,0,2,1,1e-39
vacdiff_thz_crossover_radius,UNTRACED_CORE,0,6,0,0.9;1.054571817e-34;3.280;8.118e37;8.939e9
vacuum_coupling_kernel,ANCHORED_OR_DISCLOSED,0,2,1,160.0;19.0
vacuum_energy_header_identity,PRIMITIVE_PLUS_LITERALS,1,1,0,5.0e-4
vacuum_impedance_1209dd,PRIMITIVE_PLUS_LITERALS,15,3,1,0.0054;376.730;376.7503
vacuum_series_li26,PRIMITIVE_PLUS_LITERALS,1,1,0,1.0000000015
vacuum_ssq_cascade,PRIMITIVE_PLUS_LITERALS,1,1,0,1.11e-9
vacuum_sum_n2,ANCHORED_OR_DISCLOSED,0,1,1,3731
vcb_coupling_uqff,ANCHORED_OR_DISCLOSED,0,2,1,1.1664e-5;40.5e-3
vds_26_term_1143,PRIMITIVE_PLUS_LITERALS,1,5,0,26.0;4.4952e-7;4.7e-7;7.29e-44;7.63e-44
vds_k_weighted_1151,PRIMITIVE_PLUS_LITERALS,1,2,0,1152;25.0
vds_partial_1129,PRIMITIVE_PLUS_LITERALS,1,5,1,0.5700000048;1.45309429553537240588617305772e26;1140;2026;5.714e-1
vds_pi_decimal_602,ANCHORED_OR_DISCLOSED,0,3,1,0.14159;10.0;3.14159
vds_prime_1151,PRIMITIVE_PLUS_LITERALS,1,1,0,1152
vf_crossover_cr34,UNTRACED_CORE,0,5,0,0.143;0.9;1.054571817e-34;5.43e28;7.09e-36
virtual_quark_level,PRIMITIVE_PLUS_LITERALS,1,2,0,0.20;4.20
vlq_triplet_splitting,UNTRACED_CORE,0,3,0,0.30;80.379
volume_level,UNTRACED_CORE,0,2,0,10.0;4.6
vortex_circulation_quantized,UNTRACED_CORE,0,1,0,1.054571817e-34
w26_1000,PRIMITIVE_PLUS_LITERALS,1,1,0,26.0
w_de_1087,UNTRACED_CORE,0,6,0,0.0565;0.9435;13.8
w_de_late_isw,PRIMITIVE_PLUS_LITERALS,2,1,0,0.9
w_eff_658,PRIMITIVE_PLUS_LITERALS,5,1,1,3.135e-3
w_mag_rotating,UNTRACED_CORE,0,2,0,15e9
w_vds_dvp_1151,PRIMITIVE_PLUS_LITERALS,1,1,0,1152
w_z_de_1076,ANCHORED_OR_DISCLOSED,0,5,1,0.01;0.08;0.08e12;0.1e12;4.56e17
warp_factor_793,ANCHORED_OR_DISCLOSED,0,4,1,1.05;1.378e-10;2026
wave_energy_expectation,UNTRACED_CORE,0,2,0,1.17e-105;12.94
wd_radius_1038,ANCHORED_OR_DISCLOSED,0,1,1,0.0127
westerlund_field_deviation,PRIMITIVE_PLUS_LITERALS,1,6,0,1e-4;1e-6;1e2;2030;5.7e-7
white_hole_radius,PRIMITIVE_PLUS_LITERALS,2,1,0,0.9
whittaker_closure_check,UNTRACED_CORE,0,1,0,1e-10
widom_larsen_gamma_suppression,PRIMITIVE_PLUS_LITERALS,1,1,0,1.0e-30
wind_asymmetry_offset,UNTRACED_CORE,0,2,0,0.4;2522
wind_modulation,UNTRACED_CORE,0,1,0,0.001
wormhole_exotic_density,PRIMITIVE_PLUS_LITERALS,1,1,0,8.0
wormhole_null_drdl,UNTRACED_CORE,0,1,0,1.5
wormhole_null_rmin,UNTRACED_CORE,0,3,0,1.118;1.5
wormhole_throat_radius,PRIMITIVE_PLUS_LITERALS,1,2,0,2.32;2.32e-3
wormhole_vacuum_energy,UNTRACED_CORE,0,1,0,0.06
x2_root_1150,ANCHORED_OR_DISCLOSED,0,7,1,1.35e172;3.06e175;3.49e-59;4.27e117;4.72e-3;8.88e227
x2_root_stated_1150,ANCHORED_OR_DISCLOSED,0,4,1,1.35e172;1160;2026
xi_aether_atomic,ANCHORED_OR_DISCLOSED,0,9,1,1.047;1.6726e-27;1.852e24;3.986e-17;5.2918e-11;7.38e7
xi_dim_ratio_1171,PRIMITIVE_PLUS_LITERALS,3,2,1,1180;4.3333
xi_dm_coupling,UNTRACED_CORE,0,3,0,0.80;0.928
xi_hubble_tidal,ANCHORED_OR_DISCLOSED,0,6,1,0.326;1.3222;1.987;2.2685e-18;4.352e17;4.5
xi_span_atlas,UNTRACED_CORE,0,3,0,1.5e-10;1.5e25;1e35
xi_ua_679,UNTRACED_CORE,0,1,0,1.054571817e-34
yang_mills_gap_ecrack,UNTRACED_CORE,0,2,0,1.12e-19;700.0
yang_mills_mass_gap,UNTRACED_CORE,0,2,0,1.736
yinyang_coupling,UNTRACED_CORE,0,2,0,1000.0;56.0
ym_gap_delta_530,UNTRACED_CORE,0,1,0,2026
ym_gap_kmex,PRIMITIVE_PLUS_LITERALS,2,4,0,0.218;0.263;12.0;25.0
ym_gap_static_reactor,UNTRACED_CORE,0,3,0,1e-23;1e15;2.968e8
ym_gap_vacuum_evolution,PRIMITIVE_PLUS_LITERALS,2,2,1,0.3162;3.156e7
ym_mass_gap_scm_sq,ANCHORED_OR_DISCLOSED,0,6,1,1e4;2.9403e8;4.37e30;4.87e13;5.05e9;5e-5
yukawa_ladder,PRIMITIVE_PLUS_LITERALS,1,3,0,0.185;0.325;0.570
z_eff_571,PRIMITIVE_PLUS_LITERALS,1,1,0,2.2685e-18
z_equality_1235,ANCHORED_OR_DISCLOSED,0,5,1,0.006;2.688e-27;3399.8;3400.0;7.904e-31
z_metal_gradient,ANCHORED_OR_DISCLOSED,0,1,1,118.0
z_of_t_cosmo,ANCHORED_OR_DISCLOSED,0,1,1,4.35e17
z_recombination_1209gg,PRIMITIVE_PLUS_LITERALS,12,1,1,1090
z_reionization,PRIMITIVE_PLUS_LITERALS,6,2,1,7.7;7.70
zeeman_coupling_term,UNTRACED_CORE,0,8,0,1.0546e-34;1.602176634e-19;1e-20;1e12;1e23;4.74e-5
zeta_2_1208,PRIMITIVE_PLUS_LITERALS,18,2,0,0.146;1.64733
zeta_3_apery_1208,PRIMITIVE_PLUS_LITERALS,12,3,0,0.2310;1.2020569;1.204833
zeta_intercept_1143,PRIMITIVE_PLUS_LITERALS,1,1,1,12.0
zeta_prime_m4_1171,UNTRACED_CORE,0,2,0,7.9838e-3;7.984e-3
zeta_regulated_uqff,UNTRACED_CORE,0,1,0,10.0
